事件名,标签,耗时(天),难度,报酬,经验,声望,必得材料,奖励,专属条件,低语预览
屠龙传说,精英,5,噩梦,2铂金币,800,800,龙心×2,称号「屠龙者」,需完成前置委托「巨龙巢穴侦察」,✅ 可窥见
星界远征,探索+精英,7,噩梦,3铂金币,1050,900,星核×2、陨铁×5,宠物「星界幼龙」,—,✅ 可窥见
公会大师试炼,精英,12,困难,2铂金币,1000,600,—,公会大师徽章,累计完成 40 次 Lv5 以下委托,✅ 可窥见
世界树种子,采集+精英,4,困难,1铂金币,450,500,世界树汁液×3、世界树心×1、世界树皮×1,世界树护符,—,✅ 可窥见
魔神封印,精英,5,噩梦,3铂金币,1000,900,星核×3、暗影草×5,称号「魔神封印者」,需完成前置委托「深渊领主封印」,✅ 可窥见
时间回廊,探索+精英,3,噩梦,1.5铂金币,700,750,时间沙×2、星尘×10,时间沙漏,最近 30 天 ≥27 天 23:30 前入睡,✅ 可窥见
陨星核心,采集+精英,3,困难,2铂金币,650,600,陨铁×10,陨星武器图纸,需完成前置委托「天空塔试炼」,✅ 可窥见
龙神契约,狩猎+精英,12,噩梦,7铂金币,2000,1300,龙心×3、世界树汁液×1,宠物「龙神幼崽」；称号「龙神契约者」,—,✅ 可窥见
虚空王座,精英,9,噩梦,6铂金币,1800,1200,星核×5,称号「虚空征服者」,需完成传奇事件「魔神封印」,✅ 可窥见
创世碎片,探索+精英,14,噩梦,10铂金币,3000,1600,世界树汁液×5、星核×5、龙心×5,终极称号「创世者」,完成其余全部 11 个传奇事件,✅ 可窥见
万龙之宴,精英,14,噩梦,9铂金币,2300,1500,龙心×5、龙鳞×10,称号「万龙之主」；宠物「幼龙群」,—,✅ 可窥见
深渊回响,探索+精英,10,噩梦,7铂金币,1900,1300,星核×3、暗影草×10,宠物「深渊之眼」,需完成前置委托「深渊领主封印」,✅ 可窥见
亡者君王,精英,6,噩梦,4铂金币,1150,1000,幽魂灯×5、暗影草×8,称号「亡者君王」；冥河渡灯,需完成前置委托「幽都渡口」,✅ 可窥见
硫磺王座,精英,9,噩梦,5铂金币,1400,1100,硫磺结晶×8、魔鬼徽记×5,称号「硫磺领主」；硫磺王冠,需完成前置委托「地狱熔炉」,✅ 可窥见
泰坦苏醒,精英,7,噩梦,4.5铂金币,1250,1050,巨人骨×5、星核×3,称号「泰坦后裔」；泰坦之心,需完成前置委托「泰坦之心」,✅ 可窥见