种族/势力,阵营,简介,相关委托,相关材料
龙族（六色龙）,中立,六色龙各据一方：绿龙牧毒雾、火龙焚山脊、白龙求知、金龙重契、蓝龙驭雷、黑龙游影。龙材是终局料理与神兵的核心，猎龙悬赏从不缺勇者。,狩猎火龙、驱赶绿龙、与白龙探讨魔法、金龙宝藏的谈判、平息蓝龙之怒、追踪黑龙的阴翳、弑龙者、古龙遗骸采集、巨龙巢穴侦察、猎杀双足飞龙、龙血商人的订单、龙巢外围巡查,金龙鳞、龙炎结晶、魔力结晶、雷霆龙牙、暗影龙鳞、剧毒龙牙、绿龙胆囊、龙鳞、龙骨、龙血、龙牙、龙角、龙心、巨龙竖瞳、大块龙肉
深渊恶魔,敌对,深渊领主封印之后漏网的低阶恶魔与裂隙造物，黑雾过处生机断绝。恶魔之角与混沌碎片，是它们存在过的唯一证据。,镇压恶魔裂隙、猎杀深渊恶魔、血战遗迹考察、深渊领主封印、潜入深渊神殿、深渊回响·远征,恶魔之角、混沌碎片、暗影草
地狱魔鬼,敌对（可缔约）,地狱的驻使与放贷者，以契约为兵刃。硫磺是它的气味，灵魂币是它的通货——与魔鬼谈生意，遗嘱要先写好。深渊之下的熔炉永不熄火，王座上的那位只与念得完炉膛名字的人谈价。,魔鬼的谈判、地狱钟声、血战遗迹考察、硫磺深渊·探井、地狱熔炉,魔鬼徽记、灵魂币、硫磺结晶、混沌碎片
九头蛇,中立（凶兽）,湖底多头巨蛇，断首即生双首。毒液浸透巢域，讨伐它需要的不只是剑——还有解毒剂与退路。,讨伐九头蛇、沼心巨蟒,九头蛇心脏、九头蛇鳞片、剧毒蛇齿、九头蛇胆囊、再生蛇髓
亡灵,敌对,执念不散者。雾起时谷中灯火自熄——亡灵谷的浓雾，便是它们的哀鸣。墓道深处另有一条回廊，两侧刻着同一张脸：那是死者自己认路的地方。,净化亡灵谷、魂灯引渡、古墓封印、亡者回廊·踏勘、亡者回廊·镇魂、幽都渡口,幽魂灯、暗影草、星尘
仙灵 / 妖精,中立（友善）,林间微光之民，性情好奇，知恩必报。迷路的仙灵会记得你的善意——并以森林从不示人的秘密相报。,迷路的仙灵、仙灵的谢礼,仙灵之尘、紫藤花、晨露花
巨人族 / 泰坦遗脉,中立,远古泰坦的血裔，身形如山，行事直接。独眼巨人性烈如火；泰坦遗骸里，沉睡着上一个时代的重量——有人听见那颗心还在跳。,讨伐独眼巨人、独眼巨人的石碑、泰坦遗骸发掘、泰坦之心,巨人骨、陨铁、星核
哥布林 / 地精,敌对,边境的劫掠者与偷粮贼，单只不足惧，成群则成灾。哥布林图腾是它们的信仰，也是猎人的军功凭证。,讨伐哥布林、驱赶偷粮地精,哥布林图腾
半兽人,敌对,凶悍的边境部族，营寨依山而建。侦察易，强攻难——公会的行动指令永远是「先看清楚」。,半兽人营地侦察,粗麻布、野猪獠牙
魔狼与荒野兽群,敌对,狼群记仇，也记恩。远古巨狼记得每一个伤害过它族群的猎人——而月色之下，狼嚎就是最好的警报。,狼群驱赶、暮色狼群清剿、月下狼嚎追踪、猎杀远古巨狼,狼牙、魔狼鬃毛、兽肉
枭熊与猛禽,敌对,枭熊守巢，双头狮鹫巡天。枭羽轻而韧，风蚕丝韧而滑——都是猎人最爱的战利品。,枭熊巢穴讨伐、猎杀双头狮鹫,枭羽、风蚕丝
石魔像与元素,中立（无智）,矿脉深处沉睡的守陵者与元素领主。它们不问来者是善是恶，只问来者是否越界。,讨伐石魔像、元素领主讨伐,青石、石英、陨铁、星核
沼泽异种（蛇怪 / 巨蛛）,敌对,腐化森林与沼泽的住民：石化蜥蜴的凝视、巨蛛的丝网、蛇怪的毒牙——它们的共同语言是「别靠近」。沼心塌陷处盘着一条巨蟒，鳞下压着半座沉村。,沼泽蛇怪狩猎、石化蜥蜴巢穴、猎杀巨型蜘蛛、毒沼腹地·踏勘、沼心巨蟒,蛇怪之眼、风蚕丝、剧毒蛇齿、九头蛇鳞片、净化石
海怪与深水,中立（凶兽）,沉船与暗流之间游弋的庞然身影。船长们出价悬赏它的行踪，却没人愿意正面遭遇——船骸裂缝里伸出的，只是它的手指。,海怪追踪、深海船骸、海渊之主,蛇怪之眼、九头蛇鳞片、月长石、混沌碎片
圣兽,中立（祥瑞）,雪原之上的古老瑞兽，不伤人、不避人，只考验来者。驯服它靠的不是绳索，是耐心；沿着旧蜕走完一圈，才配说见过雪原。,圣兽驯服、雪原巡礼,圣兽之蜕、魔狼鬃毛、月长石
星界存在,中立 / 敌对,星穹的信使与噬星者：一个带来远方的信件，一个吞吃星星的碎屑。它们证明星空比其他任何地方都更「活着」。,星界信使·初见、星界信使·传讯、星界信使·回响、噬星者讨伐,星界尘、星尘结晶、星核、虚空结晶
盗匪与黑市,敌对（人类势力）,王法之外的生意人。追捕盗匪追的是刀，黑市追缉追的是人——而赃物，往往比悬赏更值钱。,追捕盗匪、黑市追缉、潜入敌国要塞,—