分类,条目,值
货币,换算,"1 铂金 = 100 金 = 10,000 银 = 1,000,000 铜"
货币,交易所买入,买入价 = 卖出价 ×3（仅普通/精良/稀有）
等级,Lv1~Lv5 基础成功率 B,100% / 60% / 48% / 40% / 32%
等级,Lv1~Lv5 E 上限,10% / 10% / 8% / 8% / 6%
等级,Lv1~Lv5 硬上限 Cap,100% / 95% / 90% / 85% / 80%
等级,Lv1~Lv5 最低 Floor,100% / 5% / 5% / 5% / 5%
等级,升级所需累计经验,60 / 500 / 3000 / 8000 / 30000
等级,Lv1~Lv5 精力上限,60 / 80 / 110 / 250 / 500
等级,Lv1~Lv5 单次抽取数,1 / 3 / 5 / 6 / 8
委托,每日接取上限,4 次（公会有额外委托 +1）
委托,刷新点,8 / 12 / 18 / 21 点（常规 1 小时内可接；最后一次 21:00~23:30——v1.41f3；节日各 +1 小时）
委托,成功率公式,"min(Cap, max(Floor, B + D + Δ + 健康×0.2% + E + N))"
委托,难度修正,简单 +10% / 普通 0 / 困难 −10% / 噩梦 −20%
委托,等级差修正 Δ,每高 1 级 +12pp，上限 +36pp
委托,熬夜惩罚 N,−15%（未熬夜 0）
传奇,出现概率,每日 8:00 判定 15%（冥念护符满级 +5%）
传奇,低语预览,未达资格时每日 2% 概率窥见（红字迹象 → 风味窗 → 不可参与）
传奇,成功率公式,"min(65%, max(5%, 5% + D + 健康×0.5% + E(≤10%) + 护符/饰品)）"
传奇,每周接取,每周 1 次（公会 P 级「至尊」2 次）
传奇,全局资格,Lv5 + 经验≥30000 + 公会 A + 近 7 天均分≥60 + 近 30 天早睡≥25
公会,F~P 各等级声望,F:0 / E:100 / D:400 / C:850 / B:1200 / A:2200 / S:6500 / W:9000 / H:13000 / P:18000
公会,技能树上限,F~S：0/0/5/10/15/20/25（W/H/P 保持 25）
探索,每日次数,2 次；前一日健康 <60 当日不可探索
探索,区域门槛,委托解锁 / 公会等级 / 等级（三重判定，未解锁区域不显示）
酒馆料理,品阶开放,Lv1 普通 / Lv2 精良 / Lv3 稀有 / Lv4 史诗 / Lv5 传说（v1.41f4：公会厨房迁入酒馆）
商店,可见性,未解锁内容完全隐藏（贡献 D / 铂金 S / 大师 成就 / 图纸档位按等级 / 护符级别）
护符,冥念护符 Lv1~Lv5 消耗,300 / 600 / 1000 / 1500 / 1800 活力点
护符,冥念护符 Lv1~Lv5 报酬,6% / 12% / 18% / 24% / 30%
护符,冥念护符 Lv1~Lv5 成功率,2% / 4% / 6% / 8% / 10%
护符,解锁条件,各级：公会 C/B/A/S + V 需完成 ≥1 次传奇事件
大师层,解锁,完成 ≥4 个不同传奇事件 → 成就「大师」+ 大师徽章（活力点获取 +10%）
大师层,大师商店,大师之证 18 铂金+星核×3 / 宗师手套 16 铂金+世界树心×3 / 终焉披风 16 铂金+龙心×3 / 传说材料×2 6 铂金·周1 / 活力点+500 20 铂金
图鉴,分层称号,材料/装备收集 50%「·银」/ 80%「·金」/ 100% 集齐称号
称号,收集加成,每 1 个永久称号 +1% 委托报酬（上限 +10%）
时间,日界线,早 6:00（00:00~05:59 属前一游戏日）
时间,委托截止,23:30 后不能发起新委托
节日,假期区间,国庆 10-01~10-07 整段按节日生效（v1.41c；其余为单日节日）
节日,窗口延长,接取窗口 +1 小时 / 三餐打卡前后各 +30 分钟 / 入睡·起床打卡尾部 +1 小时（v1.41c）
节日,专属效果,逐节日差异化加成（v1.41f）——国庆报酬成功率 / 清明采集探索率 / 腊八料理翻倍 / 重阳探索翻倍等，17 个节日详见《节日总表》