商店,解锁,货币,商品,价格,限购,说明
公会商店,E,铜币,清醒符咒,50金,每日 1,规则道具：当日早起视为达成
公会商店,E,铜币,安眠护符,1铂金,每日 1,规则道具：当日早睡视为达成
公会商店,E,铜币,普通材料包,60银,每日 3,随机普通材料 ×5
公会商店,E,铜币,精良材料包,4金,每日 2,随机精良材料 ×3
公会商店,E,铜币,专注药剂,6金,每日 2,规则道具：下一次委托成功率 +3%
公会商店,E,铜币,谈判卷轴,1.2金,每日 2,规则道具：下一次委托报酬 +15%
公会商店,E,铜币,旅行干粮,3金,每日 3,规则道具：立即恢复 30 精力
公会商店,E,铜币,神秘地图,15金,每日 3,规则道具：立即获得 2 探索点
公会商店,E,铜币,解毒剂,3金,—,任务准备物：毒系委托必备（讨伐九头蛇 / 驱赶绿龙 等）
公会商店,E,铜币,安魂熏香,3金,—,任务准备物：亡灵类委托必备（净化亡灵谷 / 魂灯引渡 等）
公会商店,E,铜币,水息药剂,2.4金,—,任务准备物：深水类委托必备（海怪追踪 / 探索沉船）
公会商店,E,铜币,圣水,4.8金,—,任务准备物：恶魔/深渊类委托必备（猎杀深渊恶魔 / 潜入深渊神殿 等）
活力点商店,—,活力点,清醒符咒,60 点,—,规则道具：当日早起视为达成
活力点商店,—,活力点,安眠护符,80 点,—,规则道具：当日早睡视为达成
活力点商店,—,活力点,活力药水,300 点,—,规则道具：当日健康锁定 100 分
活力点商店,—,活力点,疾风符咒,500 点,—,高级道具：直接完成一个进行中的委托
活力点商店,—,活力点,探索点 +5,25 点,—,立即获得 5 探索点
活力点商店,—,活力点,公会贡献 +10,40 点,—,立即获得 10 贡献
活力点商店,—,活力点,安眠薰香 I,80 点,—,永久：精力上限 +4（Ⅰ 级）
活力点商店,—,活力点,安眠薰香 II,150 点,—,永久：精力上限 +5（Ⅱ 级，累计 +9）
活力点商店,—,活力点,安眠薰香 III,250 点,—,永久：精力上限 +7（Ⅲ 级，累计 +16）
活力点商店,—,活力点,安眠薰香 IV,400 点,—,永久：精力上限 +10（Ⅳ 级，累计 +26）
活力点商店,—,活力点,安眠薰香 V,600 点,—,永久：精力上限 +14（Ⅴ 级，累计 +40）
贡献商店,D,贡献,清醒符咒,120 贡献,每日 1,规则道具：当日早起视为达成
贡献商店,D,贡献,安眠护符,160 贡献,每日 1,规则道具：当日早睡视为达成
贡献商店,D,贡献,疾风符咒,400 贡献,每日 1,高级道具：直接完成一个进行中的委托
贡献商店,D,贡献,探索点 +5,60 贡献,每日 2,立即获得 5 探索点
贡献商店,D,贡献,指定普通材料×5,20 贡献,每日 3,自选普通材料 ×5
贡献商店,D,贡献,指定精良材料×3,50 贡献,每日 2,自选精良材料 ×3
贡献商店,D,贡献,指定稀有材料×2,120 贡献,每周 3,自选稀有材料 ×2
贡献商店,D,贡献,指定史诗材料×1,300 贡献,每周 2,自选史诗材料 ×1
贡献商店,D,贡献,精英委托重掷券,240 贡献,每日 1,公会 B 级解锁　重新抽取当前委托栏（原结果作废）· B 级解锁
铂金商店,S,铂金币,指定传说材料 ×1,2 铂金币,每周 3,世界树汁液 / 世界树心 / 世界树皮 / 星核 / 龙心 / 圣兽之蜕 / 时间沙 / 世界树枝条 / 时之沙漏 / 星辉花 / 星尘蜜 / 星陨岩 / 云纹锦
铂金商店,S,铂金币,指定史诗材料 ×3,1 铂金币,每周 3,暗影草 / 巨人骨 / 星尘结晶 / 陨铁 / 星辉绸 / 龙鳞 / 龙骨 / 龙牙 / 龙血 / 大块龙肉 / 剧毒龙牙 / 绿龙胆囊 / 剧毒蛇齿 / 九头蛇胆囊 / 九头蛇鳞片 / 再生蛇髓 / 恶魔之角 / 混沌碎片 / 硫磺结晶 / 魔鬼徽记 / 仙灵之尘 / 幽魂灯 / 王者遗冠 / 虚空结晶 / 凤凰木 / 符文岩 / 凤凰草 / 龙涎果 / 秘银合金 / 月长石 / 魔狼鬃毛 / 远古符文 / 冥河灯油 / 地狱火种 / 泰坦石核 / 沼心莲实 / 深海遗珠 / 冰晶果
铂金商店,S,铂金币,活力药水 ×1,1 铂金币,每周 1,规则道具：当日健康锁定 100 分
铂金商店,S,铂金币,疾风符咒 ×1,1 铂金币,每周 1,规则道具：当日健康锁定 100 分
铂金商店,S,铂金币,幸运币 ×2,1 铂金币,每周 2,规则道具：当日健康锁定 100 分
大师商店,成就「大师」,铂金币+材料,大师之证,18 铂金币 + 星核×3,一次性,委托报酬 +18%；全委托成功率 +3%（计入 E）
大师商店,成就「大师」,铂金币+材料,宗师手套,16 铂金币 + 世界树心×3,一次性,成功率 +5%（武器）；材料获取 +20%；全精力消耗 −10%
大师商店,成就「大师」,铂金币+材料,终焉披风,16 铂金币 + 龙心×3,一次性,精力上限 +150；全精力消耗 −10%；精英成功率 +3%
大师商店,成就「大师」,铂金币,指定传说材料 ×2,6 铂金币,每周 1,世界树汁液 / 世界树心 / 世界树皮 / 星核 / 龙心 / 圣兽之蜕 / 时间沙 / 世界树枝条 / 时之沙漏 / 星辉花 / 星尘蜜 / 星陨岩 / 云纹锦
大师商店,成就「大师」,铂金币,大师的馈赠（活力点 +500）,20 铂金币,不限,终局活力点出口
交易所,E,金币/银币,买入材料（买入价 = 卖出价 ×3）,—,—,仅普通 / 精良 / 稀有；史诗走贡献商店、传说走铂金商店