图纸名,对应装备,品质,解锁公会,价格
铜剑图纸,铜剑,普通,E 级,20 银币
猎弓图纸,猎弓,普通,E 级,20 银币
石锤图纸,石锤,普通,E 级,20 银币
皮甲图纸,皮甲,普通,E 级,20 银币
草甲图纸,草甲,普通,E 级,20 银币
羽衣图纸,羽衣,普通,E 级,20 银币
铜戒指图纸,铜戒指,普通,E 级,20 银币
草药袋图纸,草药袋,普通,E 级,20 银币
石英坠图纸,石英坠,普通,E 级,20 银币
硬木弓图纸,硬木弓,精良,E 级,1.5 金币
鹿骨枪图纸,鹿骨枪,精良,E 级,1.5 金币
铁匕首图纸,铁匕首,精良,E 级,1.5 金币
锁子甲图纸,锁子甲,精良,E 级,1.5 金币
铁护腕图纸,铁护腕,精良,E 级,1.5 金币
藤甲图纸,藤甲,精良,E 级,1.5 金币
安神吊坠图纸,安神吊坠,精良,E 级,1.5 金币
银戒指图纸,银戒指,精良,E 级,1.5 金币
紫晶护符图纸,紫晶护符,精良,E 级,1.5 金币
星尘剑图纸,星尘剑,稀有,C 级,9 金币
狼牙斧图纸,狼牙斧,稀有,C 级,9 金币
月影匕首图纸,月影匕首,稀有,C 级,9 金币
净化铠甲图纸,净化铠甲,稀有,C 级,9 金币
月光披风图纸,月光披风,稀有,C 级,9 金币
古木铠图纸,古木铠,稀有,C 级,9 金币
图腾护符图纸,图腾护符,稀有,C 级,9 金币
石板吊坠图纸,石板吊坠,稀有,C 级,9 金币
星辉戒指图纸,星辉戒指,稀有,C 级,9 金币
陨铁剑图纸,陨铁剑,史诗,A 级,42 金币
寒霜长枪图纸,寒霜长枪,史诗,A 级,42 金币
暗影短刃图纸,暗影短刃,史诗,A 级,42 金币
龙骨战锤图纸,龙骨战锤,史诗,A 级,42 金币
龙牙匕首图纸,龙牙匕首,史诗,A 级,42 金币
巨人骨甲图纸,巨人骨甲,史诗,A 级,42 金币
暗影战甲图纸,暗影战甲,史诗,A 级,42 金币
龙鳞胸甲图纸,龙鳞胸甲,史诗,A 级,42 金币
星辉战甲图纸,星辉战甲,史诗,A 级,42 金币
龙鳞护符图纸,龙鳞护符,史诗,A 级,42 金币
星核坠饰图纸,星核坠饰,史诗,A 级,42 金币
陨星武器图纸,陨星武器,传说,S 级,5 铂金币
龙牙巨剑图纸,龙牙巨剑,传说,S 级,5 铂金币
世界树之枝图纸,世界树之枝,传说,S 级,5 铂金币
龙鳞重铠图纸,龙鳞重铠,传说,S 级,5 铂金币
世界树皮甲图纸,世界树皮甲,传说,S 级,5 铂金币
星核战甲图纸,星核战甲,传说,S 级,5 铂金币
龙瞳坠饰图纸,龙瞳坠饰,传说,S 级,5 铂金币
圣兽羽饰图纸,圣兽羽饰,传说,S 级,5 铂金币
枭羽猎弓图纸,枭羽猎弓,精良,E 级,1.5 金币
秘银戒指图纸,秘银戒指,精良,E 级,1.5 金币
符文长剑图纸,符文长剑,稀有,C 级,9 金币
蛇怪皮甲图纸,蛇怪皮甲,稀有,C 级,9 金币
守誓者护符图纸,守誓者护符,稀有,C 级,9 金币
虚空结晶坠图纸,虚空结晶坠,史诗,A 级,42 金币
星界护铠图纸,星界护铠,传说,S 级,5 铂金币
云杉木法杖图纸,云杉木法杖,精良,E 级,1.5 金币
白桦木长矛图纸,白桦木长矛,精良,E 级,1.5 金币
棉纹软甲图纸,棉纹软甲,精良,E 级,1.5 金币
黄玉吊坠图纸,黄玉吊坠,精良,E 级,1.5 金币
黑檀木骨杖图纸,黑檀木骨杖,稀有,C 级,9 金币
黑曜石重锤图纸,黑曜石重锤,稀有,C 级,9 金币
大理石壁垒图纸,大理石壁垒,稀有,C 级,9 金币
紫藤花冠图纸,紫藤花冠,稀有,C 级,9 金币
秘银合金巨剑图纸,秘银合金巨剑,史诗,A 级,42 金币
凤凰木长弓图纸,凤凰木长弓,史诗,A 级,42 金币
魔狼鬃甲图纸,魔狼鬃甲,史诗,A 级,42 金币
月长石护符图纸,月长石护符,史诗,A 级,42 金币
星陨岩战锤图纸,星陨岩战锤,传说,S 级,5 铂金币
云纹锦衣图纸,云纹锦衣,传说,S 级,5 铂金币
星辉花冠图纸,星辉花冠,传说,S 级,5 铂金币
时砂指环图纸,时砂指环,传说,S 级,5 铂金币
金龙鳞铠图纸,金龙鳞铠,传说,S 级,5 铂金币
魔力结晶杖图纸,魔力结晶杖,传说,S 级,5 铂金币
雷霆龙牙枪图纸,雷霆龙牙枪,传说,S 级,5 铂金币
暗影龙鳞袍图纸,暗影龙鳞袍,传说,S 级,5 铂金币
龙瞳宝珠图纸,龙瞳宝珠,传说,S 级,5 铂金币
龙角战弓图纸,龙角战弓,传说,S 级,5 铂金币
剧毒龙牙匕图纸,剧毒龙牙匕,史诗,A 级,42 金币
绿龙护心镜图纸,绿龙护心镜,史诗,A 级,42 金币
九头蛇鳞铠图纸,九头蛇鳞铠,史诗,A 级,42 金币
再生蛇髓护符图纸,再生蛇髓护符,史诗,A 级,42 金币
九头蛇之心图纸,九头蛇之心,传说,S 级,5 铂金币
九头蛇胆囊杖图纸,九头蛇胆囊杖,史诗,A 级,42 金币
剧毒蛇齿链图纸,剧毒蛇齿链,史诗,A 级,42 金币
恶魔角盔图纸,恶魔角盔,史诗,A 级,42 金币
混沌之刃图纸,混沌之刃,史诗,A 级,42 金币
硫磺结晶甲图纸,硫磺结晶甲,史诗,A 级,42 金币
魔鬼纹章图纸,魔鬼纹章,史诗,A 级,42 金币
冥河护符图纸,冥河护符,传说,S 级,5 铂金币
幽魂灯杖图纸,幽魂灯杖,史诗,A 级,42 金币
仙灵披风图纸,仙灵披风,史诗,A 级,42 金币
王者之冠图纸,王者之冠,史诗,A 级,42 金币
符文岩巨锤图纸,符文岩巨锤,史诗,A 级,42 金币
远古符文法杖图纸,远古符文法杖,史诗,A 级,42 金币
流沙战袍图纸,流沙战袍,传说,S 级,5 铂金币
世界树长弓图纸,世界树长弓,传说,S 级,5 铂金币
鹿皮斗篷图纸,鹿皮斗篷,精良,E 级,1.5 金币
天鹅绒礼服图纸,天鹅绒礼服,精良,E 级,1.5 金币
白银短剑图纸,白银短剑,精良,E 级,1.5 金币
铁木长弓图纸,铁木长弓,稀有,C 级,9 金币
蛛丝软甲图纸,蛛丝软甲,稀有,C 级,9 金币
黑铁重剑图纸,黑铁重剑,稀有,C 级,9 金币
血玛瑙坠图纸,血玛瑙坠,稀有,C 级,9 金币
狮鹫羽弓图纸,狮鹫羽弓,稀有,C 级,9 金币
引魂长明灯图纸,引魂长明灯,史诗,A 级,42 金币
狱火护腕图纸,狱火护腕,史诗,A 级,42 金币
泰坦石核锤图纸,泰坦石核锤,史诗,A 级,42 金币
遗珠坠图纸,遗珠坠,史诗,A 级,42 金币
世界树心护符图纸,世界树心护符,传说,S 级,5 铂金币
龙炎护手图纸,龙炎护手,传说,S 级,5 铂金币
观星者指环图纸,观星者指环,稀有,C 级,9 金币
花岗岩重锤图纸,花岗岩重锤,普通,E 级,20 银币
铅矿护符图纸,铅矿护符,普通,E 级,20 银币
古币坠饰图纸,古币坠饰,稀有,C 级,9 金币