等级,委托名,标签,时间窗,耗时,难度,基础成功率,报酬,经验,精力,材料,特殊条件
Lv1,采集草药,采集,全天,1 小时,简单,100%,8铜,1,8,止血草×3~5,
Lv1,采集蘑菇,采集,全天,1 小时,简单,100%,6铜,1,8,蘑菇×3~5,
Lv1,拾取柴薪,采集,全天,1 小时,简单,100%,5铜,1,8,松木×2~4,
Lv1,修补渔网,短时,08:00-23:30,1 小时,简单,100%,10铜,2,10,河鱼×1~3,
Lv1,驱赶田鼠,狩猎,08:00-23:30,2 小时,简单,100%,8铜,2,12,,
Lv1,猎取山鸡,狩猎,08:00-23:30,2 小时,普通,100%,1银,2,15,山鸡羽×1~3,
Lv1,猎取雪兔,狩猎,08:00-23:30,3 小时,普通,100%,2银,3,18,野兔皮×1~2、兽肉×1~3,
Lv1,砍伐木材,采集,08:00-23:30,4 小时,普通,100%,3银,4,20,松木×3~6,
Lv1,挖掘石材,采集,08:00-23:30,4 小时,普通,100%,4银,4,20,青石×3~6、石英×1~2,
Lv1,收集山泉,采集,06:00-23:30,4 小时,普通,100%,5银,5,20,泉水×1~3,
Lv1,猎杀野鹿,狩猎,08:00-23:30,6 小时,困难,100%,8银,8,30,鹿皮×1~2、鹿骨×1~2、兽肉×2~4,
Lv1,溪畔垂钓,采集,06:00-23:30,1.5 小时,简单,100%,10铜,1,8,河鱼×2~4,
Lv1,掏取岩蜂巢,采集,08:00-23:30,2 小时,普通,100%,1银,3,14,蜂蜜×1~3,
Lv1,驱赶乌鸦群,狩猎,06:00-09:00,1.5 小时,简单,100%,12铜,2,10,山鸡羽×1~3,
Lv1,猎捕肥田鼠,狩猎,全天,2 小时,普通,100%,80铜,3,12,,
Lv1,夜巡麦田,探索,21:00-23:30,3 小时,困难,100%,4银,7,24,,
Lv2,月光草采集,采集,21:00-23:30,30 分钟,简单,70%,10银,3,10,月光草×1~3,
Lv2,采集晨露,采集,06:00-09:00,30 分钟,简单,70%,8银,3,10,晨露花×1~3,
Lv2,药草园除虫,采集,08:00-23:30,1 小时,简单,70%,12银,4,12,止血草×2~5、香草×1~2,
Lv2,采集松脂,采集,08:00-23:30,1 小时,简单,70%,14银,4,12,松脂×2~4、香草×1~2,
Lv2,森林巡逻,探索,08:00-23:30,1 小时,简单,70%,18银,5,12,松脂×1~2,
Lv2,旅店帮厨,短时,08:00-23:30,1 小时,简单,70%,16银,5,12,蘑菇×2~5,
Lv2,寻找走失羊群,探索,08:00-23:30,1 小时,简单,70%,18银,5,12,,
Lv2,溪流净化,采集,08:00-23:30,1 小时,普通,60%,14银,4,18,泉水×2~4,
Lv2,为公会送信,护送,08:00-23:30,1 小时,普通,60%,15银,4,18,,
Lv2,修理风车,短时,08:00-23:30,1 小时,普通,60%,20银,6,18,松木×2~5,
Lv2,训练新兵,短时,08:00-23:30,1 小时,普通,60%,25银,7,18,,
Lv2,铁匠铺搬运,短时,08:00-23:30,1 小时,普通,60%,15银,5,18,铜矿石×1~3,
Lv2,驱除蜂巢,狩猎,08:00-23:30,1 小时,普通,60%,20银,5,20,蜂蜜×1~3,
Lv2,驱赶偷粮地精,狩猎,08:00-23:30,1 小时,困难,50%,22银,6,25,蘑菇×1~3,
Lv2,护送商队,护送,08:00-23:30,2 小时,普通,60%,30银,8,26,,
Lv2,港口卸货,短时,08:00-23:30,2 小时,普通,60%,22银,6,24,河鱼×1~3,
Lv2,狼群驱赶,狩猎,08:00-23:30,1.5 小时,困难,50%,28银,8,35,狼牙×1~2、兽肉×1~3,
Lv2,追踪走失商队,护送,08:00-23:30,2 小时,困难,50%,32银,9,36,,
Lv2,矿洞勘探,探索,08:00-23:30,2 小时,困难,50%,35银,10,38,铜矿石×2~4,
Lv2,清理废弃矿道,探索,08:00-23:30,2 小时,困难,50%,32银,9,38,铁矿石×1~3,
Lv2,夜猎林枭,狩猎,21:00-23:30,1.5 小时,普通,60%,24银,7,26,枭羽×1~2,
Lv2,矿脉勘察,探索,08:00-23:30,2 小时,简单,70%,18银,5,14,铁矿石×1~3、石英×1~2,
Lv2,淘洗河沙,采集,08:00-23:30,1.5 小时,普通,60%,15银,5,12,石英×1~3、河鱼×1~2,
Lv2,讨伐鸦人斥候,狩猎,12:00-23:30,2 小时,困难,50%,34银,9,36,粗麻布×1~2、山鸡羽×1~3,
Lv2,药商的特需,短时,08:00-23:30,1 小时,简单,70%,20银,6,18,止血草×1~2,资源指定：持有「止血草」→ 结算自动上交，报酬翻倍
Lv3,护送贵族,护送,08:00-23:30,2 小时,简单,58%,1.2金,22,15,,
Lv3,公会联合演习,精英,08:00-23:30,2 小时,简单,58%,1.5金,25,15,,
Lv3,修复古城墙,短时,08:00-23:30,3 小时,普通,48%,1.8金,28,32,青石×4~8,
Lv3,讨伐哥布林,精英,08:00-23:30,2 小时,普通,48%,1.6金,20,23,哥布林图腾×1,
Lv3,遗迹调查,探索,08:00-23:30,3 小时,普通,48%,2金,30,30,星尘×1~3、远古石板×1,
Lv3,净化腐化森林,探索,08:00-23:30,3 小时,普通,48%,2.5金,35,30,净化石×1~3,
Lv3,探索沉船,探索,08:00-23:30,4 小时,普通,48%,2.6金,34,40,远古石板×1、粗麻布×1~3,
Lv3,追捕盗匪,狩猎,08:00-23:30,2 小时,困难,38%,2.2金,28,33,,
Lv3,猎杀巨型蜘蛛,狩猎,08:00-23:30,2 小时,困难,38%,2.4金,26,35,风蚕丝×2~4、兽肉×1~3,
Lv3,巨龙巢穴侦察,精英,08:00-23:30,4 小时,困难,38%,3金,40,44,龙骨×1、龙鳞×1~2,
Lv3,古墓封印,探索,08:00-23:30,3 小时,困难,38%,3.5金,45,44,星尘×2~4、远古石板×1~2、古董钱币×1~2,
Lv3,护送商队穿越迷雾,护送,08:00-23:30,3 小时,困难,38%,2.8金,32,45,,
Lv3,秘银矿脉开采,采集,08:00-23:30,3 小时,普通,48%,2金,30,35,秘银矿×1~3、铁矿石×2~4,
Lv3,沼泽蛇怪狩猎,狩猎,12:00-23:30,4 小时,困难,38%,3.2金,42,45,蛇怪之眼×1、蘑菇×2~4,
Lv3,石门符文拓印,探索,08:00-23:30,4 小时,困难,38%,3金,40,42,符文石×1~2、远古石板×1,
Lv3,暮色狼群清剿,狩猎,17:00-23:30,3 小时,普通,48%,2.2金,32,38,狼牙×1~2、兽肉×2~4,
Lv3,晨露药圃修剪,采集,06:00-09:00,2 小时,简单,58%,1.3金,24,16,晨露花×2~4、香草×2~4,
Lv3,风车磨坊加固,短时,08:00-23:30,2 小时,简单,58%,1.25金,23,16,松木×3~6、松脂×1~2,
Lv3,古代渡槽疏通,探索,08:00-23:30,3 小时,普通,48%,2.1金,31,33,青石×4~8、石英×1~3,
Lv3,枭熊巢穴讨伐,狩猎,21:00-23:30,4 小时,困难,38%,3.4金,44,44,枭羽×2~3、野猪獠牙×1~2,
Lv3,星陨坑探查,探索,21:00-23:30,3 小时,普通,48%,2.3金,33,34,星尘×1~2、石英×1~2,
Lv3,游侠哨站补给护送,护送,08:00-23:30,3 小时,普通,48%,2.4金,34,36,,
Lv3,鸦巢悬崖索降,探索,11:00-14:00,2.5 小时,困难,38%,2.8金,38,40,枭羽×1~3、粗麻布×1~3,
Lv3,半兽人营地侦察,精英,08:00-23:30,3 小时,困难,38%,3.3金,43,43,粗麻布×2~4、野猪獠牙×1~2,
Lv3,狩获沼泽巨蟒,狩猎,12:00-23:30,4 小时,困难,38%,3.1金,41,44,鹿皮×2~4、兽肉×2~4,
Lv3,月下狼嚎追踪,探索,21:00-23:30,3 小时,普通,48%,2.25金,32,35,狼牙×1~2、月光草×1~2,
Lv3,深林鹿王追踪,追踪,06:00-09:00,3 天,普通,48%,4.8金,62,42,鹿皮×2~4、兽肉×3~6,追踪类：3 天多日委托（跨天次日结算）
Lv3,采集沼泽泥炭,采集,08:00-23:30,3 小时,普通,48%,1.9金,29,30,蘑菇×2~5、止血草×2~4,
Lv3,矿工失踪搜救,探索,08:00-23:30,4 小时,困难,38%,2.9金,39,42,秘银矿×1~2、铜矿石×3~6,
Lv3,破晓巡林,狩猎,06:00-09:00,2 小时,简单,58%,1.4金,25,18,野兔皮×2~4、山鸡羽×2~4,
Lv3,失踪商队搜寻,探索,08:00-23:30,4 小时,困难,38%,2.95金,39,43,古董钱币×1、粗麻布×2~4,
Lv3,迷雾灯塔·引航,探索,08:00-23:30,3 小时,普通,48%,2.1金,31,30,松脂×2~4、粗麻布×1~3,
Lv4,护送圣物,护送,08:00-23:30,4 小时,普通,40%,8金,80,45,,
Lv4,公会精英考核,精英,08:00-23:30,1.5 小时,普通,40%,10金,100,70,,
Lv4,瘟疫沼泽净化,探索,08:00-23:30,7 小时,普通,40%,8.5金,82,55,净化石×2~4,
Lv4,采集月华露,采集,21:00-23:30,4 小时,普通,40%,7金,72,55,月光草×2~4、星尘×1~3、山珍×1~2,
Lv4,王室密使,护送,08:00-23:30,6 小时,普通,40%,9金,85,55,王者遗冠×1,
Lv4,讨伐独眼巨人,精英,08:00-23:30,3 小时,困难,30%,7.5金,60,62,巨人骨×1~3,
Lv4,探索古代矿坑,探索,08:00-23:30,3 小时,困难,30%,7金,70,62,陨铁×1~3,
Lv4,护送流亡贵族,护送,08:00-23:30,5 小时,困难,30%,8金,76,68,,
Lv4,讨伐石魔像,精英,08:00-23:30,4 小时,困难,30%,7.5金,78,70,陨铁×1~2、青石×5~8、石英×2~4,
Lv4,黑市追缉,狩猎,08:00-23:30,5 小时,困难,30%,6.5金,72,78,,
Lv4,猎杀双头狮鹫,狩猎,08:00-23:30,6 小时,困难,30%,8.5金,80,82,风蚕丝×2~5、兽肉×2~4,
Lv4,古龙遗骸采集,采集,08:00-23:30,8 小时,困难,30%,7金,75,92,龙鳞×2~4、龙角×1~3、巨龙竖瞳×1~2、龙瞳结晶×1~2,
Lv4,深渊裂隙调查,探索,08:00-23:30,12 小时,困难,30%,7金,70,108,陨铁×1~4,
Lv4,潜入敌国要塞,探索,08:00-23:30,10 小时,噩梦,20%,11金,105,110,星辉绸×1~2,
Lv4,天空塔试炼,精英,08:00-23:30,8 小时,噩梦,20%,12金,110,135,星尘结晶×1~3,
Lv4,虚空裂谷取样,探索,21:00-23:30,6 小时,困难,30%,7.8金,75,105,虚空结晶×1、星尘×2~4,
Lv4,石化蜥蜴巢穴,狩猎,08:00-23:30,5 小时,困难,30%,8.5金,80,100,蛇怪之眼×1~2、青石×4~8,
Lv4,被遗忘的圣坛,探索,08:00-23:30,4 小时,普通,40%,7金,68,70,符文石×2~3、远古石板×1~2,
Lv4,猎杀双足飞龙,狩猎,12:00-23:30,7 小时,噩梦,20%,11.5金,105,130,龙鳞×1~2、兽肉×3~6,
Lv4,秘银矿脉深掘,采集,08:00-23:30,4 小时,普通,40%,6.6金,65,60,秘银矿×3~5、铁矿石×3~6,
Lv4,商队护卫见习,护送,08:00-23:30,3 小时,简单,50%,5.5金,56,38,白桦木×3~6、棉线×2~4,
Lv4,王都巡夜,短时,21:00-23:30,2 小时,简单,50%,5.8金,58,35,花岗岩×2~5、铅矿石×1~3,
Lv4,药圃除虫,采集,06:00-09:00,2 小时,简单,50%,5.2金,54,36,晨露花×3~6、蜂蜜×3~6、薄荷叶×2~5,
Lv4,猎场驱兽,狩猎,08:00-23:30,3 小时,简单,50%,6金,60,42,野兔皮×3~8、兽肉×3~8、鹿皮×2~4,
Lv4,迷雾灯塔·残焰,探索,08:00-23:30,5 小时,困难,30%,7.6金,74,66,星尘×2~4、符文石×1~2,链条：需先完成「迷雾灯塔·引航」
Lv4,皇家图书馆·寻书,探索,08:00-23:30,4 小时,普通,40%,7.2金,69,62,远古石板×1~2、符文石×1~2,
Lv4,皇家图书馆·密档,探索,08:00-23:30,5 小时,困难,30%,8.8金,82,80,暗影草×1~2、古董钱币×1~2,链条：需先完成「皇家图书馆·寻书」
Lv4,海怪追踪,追踪,08:00-23:30,3 天,困难,30%,16.5金,138,92,蛇怪之眼×1~2、河鱼×3~8,追踪类：3 天多日委托（跨天次日结算）
Lv4,星图师的需求,探索,21:00-23:30,3 小时,普通,40%,6.6金,58,55,星尘×1~2,资源指定：持有「星尘」→ 结算自动上交，报酬翻倍
Lv4,驱赶绿龙,狩猎,08:00-23:30,6 小时,困难,30%,8.8金,84,95,龙鳞×2~4、剧毒龙牙×1~2、绿龙胆囊×1~2,
Lv4,镇压恶魔裂隙,探索,08:00-23:30,6 小时,困难,30%,8.8金,82,90,暗影草×2~4、混沌碎片×1、恶魔之角×1,
Lv4,独眼巨人的石碑,探索,08:00-23:30,4 小时,普通,40%,8.2金,88,64,巨人骨×1~2、陨铁×1~2,链条：需先完成「讨伐独眼巨人」
Lv4,毒沼腹地·踏勘,探索,08:00-23:30,5 小时,困难,30%,9金,85,78,蛇怪之眼×1~2、蘑菇×2~5,链条：需先完成「沼泽蛇怪狩猎」
Lv4,亡者回廊·踏勘,探索,08:00-23:30,5 小时,困难,30%,9.2金,86,80,幽魂灯×1、暗影草×2~4,链条：需先完成「古墓封印」
Lv5,王城保卫战,护送,08:00-23:30,8 小时,普通,32%,22金,160,75,,
Lv5,采集星陨残片,采集,08:00-23:30,9 小时,困难,22%,28金,190,105,陨铁×2~5、星尘结晶×1~3、山珍×1~2,
Lv5,元素领主讨伐,精英,08:00-23:30,10 小时,困难,22%,25金,180,115,星核×1,
Lv5,护送圣者远行,护送,08:00-23:30,10 小时,困难,22%,32金,210,120,,
Lv5,弑龙者,精英,08:00-23:30,12 小时,困难,22%,30金,200,125,龙鳞×3~6、龙心×1、龙血×2~4,链条：需先完成「圣兽驯服」
Lv5,圣兽驯服,狩猎,08:00-23:30,12 小时,困难,22%,35金,220,125,圣兽之蜕×1~2,链条：需先完成「古龙遗骸采集」
Lv5,猎杀远古巨狼,狩猎,08:00-23:30,13 小时,困难,22%,33金,215,130,魔狼鬃毛×1~2、狼牙×5~8、兽肉×3~6,
Lv5,禁咒书夺回,探索,08:00-23:30,14 小时,噩梦,12%,40金,240,180,暗影草×2~4、远古石板×1~2,
Lv5,讨伐九头蛇,精英,08:00-23:30,14 小时,噩梦,12%,45金,260,190,九头蛇心脏×1、九头蛇鳞片×2~6、剧毒蛇齿×2~6、九头蛇胆囊×1~4、再生蛇髓×1,
Lv5,深渊领主封印,精英,08:00-23:30,16 小时,噩梦,12%,50金,280,195,星核×1~2,链条：需先完成「深渊裂隙调查」
Lv5,潜入深渊神殿,探索,08:00-23:30,15 小时,噩梦,12%,48金,270,200,暗影草×2~4、星核×1,
Lv5,时空裂隙修复,探索,08:00-23:30,18 小时,噩梦,12%,60金,320,205,陨铁×3~6,
Lv5,星穹巡礼,探索,21:00-23:30,12 小时,噩梦,12%,42金,260,190,星界尘×1、星尘结晶×2~4,
Lv5,噬星者讨伐,狩猎,08:00-23:30,10 小时,困难,22%,36金,230,150,虚空结晶×1~2、星核×1,
Lv5,世界树冠采摘,采集,06:00-09:00,9 小时,困难,22%,34金,220,140,世界树皮×1~2、世界树汁液×1~2,
Lv5,泰坦遗骸发掘,探索,08:00-23:30,8 小时,普通,32%,24金,170,85,巨人骨×2~4、陨铁×1~2,链条：需先完成「独眼巨人的石碑」
Lv5,王宫礼仪护卫,护送,08:00-23:30,4 小时,简单,42%,15金,130,58,天鹅绒×2~4、黄玉×1~2,
Lv5,星象台职守,短时,21:00-23:30,3 小时,简单,42%,16金,135,60,星尘×3~6、月长石×1~2,
Lv5,灵植园培育,采集,08:00-23:30,4 小时,简单,42%,15.5金,132,62,月光草×3~8、晨露花×3~8、紫藤花×2~5,
Lv5,龙巢外围巡查,探索,08:00-23:30,5 小时,简单,42%,17.5金,140,68,龙息草×2~4、龙鳞×1~3、魔狼鬃毛×1,
Lv5,迷雾灯塔·重燃,探索,08:00-23:30,11 小时,噩梦,12%,44金,265,195,星界尘×1、星尘结晶×2~3,链条：需先完成「迷雾灯塔·残焰」
Lv5,皇家图书馆·真相,探索,08:00-23:30,12 小时,噩梦,12%,46金,275,200,星界尘×1、远古石板×2~3,链条：需先完成「皇家图书馆·密档」
Lv5,星界信使·初见,探索,08:00-23:30,8 小时,困难,22%,30金,195,145,星界尘×1、星尘结晶×1~2,链条：需先完成「天空塔试炼」
Lv5,星界信使·传讯,探索,08:00-23:30,10 小时,困难,22%,33金,205,160,星辉绸×1~2、星界尘×1~2,链条：需先完成「星界信使·初见」
Lv5,星界信使·回响,探索,08:00-23:30,15 小时,噩梦,12%,56金,300,210,星界尘×2~3、星核×1~2,链条：需先完成「星界信使·传讯」
Lv5,深渊回响·远征,精英,08:00-23:30,17 小时,噩梦,12%,52金,290,220,星核×1~2、虚空结晶×1~2,链条：需先完成「深渊领主封印」
Lv5,风暴之眼的守望,追踪,08:00-23:30,3 天,困难,22%,52金,300,210,星界尘×1、星尘结晶×2~3,追踪类：3 天多日委托（跨天次日结算）
Lv5,龙血商人的订单,精英,08:00-23:30,5 小时,困难,22%,26金,160,120,,资源指定：持有「龙血」→ 结算自动上交，报酬翻倍
Lv5,狩猎火龙,狩猎,08:00-23:30,12 小时,噩梦,12%,47金,268,195,大块龙肉×2~4、龙血×2~5、龙牙×2~5、龙炎结晶×1,
Lv5,与白龙探讨魔法,探索,08:00-23:30,5 小时,困难,22%,26金,185,105,龙息草×2~5、龙鳞×1~2、魔力结晶×1,
Lv5,金龙宝藏的谈判,精英,08:00-23:30,10 小时,噩梦,12%,56金,300,210,龙鳞×3~8、金龙鳞×1~2、王者遗冠×1~2,
Lv5,平息蓝龙之怒,狩猎,08:00-23:30,12 小时,噩梦,12%,49金,275,205,龙鳞×2~4、雷霆龙牙×1~2、星尘结晶×1~2,
Lv5,追踪黑龙的阴翳,追踪,08:00-23:30,3 天,噩梦,12%,53金,305,215,龙骨×2~4、暗影龙鳞×1~2、虚空结晶×1~2,追踪类：3 天多日委托（跨天次日结算）
Lv5,猎杀深渊恶魔,狩猎,08:00-23:30,12 小时,噩梦,12%,48金,272,200,恶魔之角×2~5、混沌碎片×1~2、暗影草×2~4,链条：需先完成「血战遗迹考察」
Lv5,魔鬼的谈判,精英,08:00-23:30,11 小时,噩梦,12%,54金,295,205,魔鬼徽记×1~2、灵魂币×1、硫磺结晶×2~5,链条：需先完成「猎杀深渊恶魔」
Lv5,血战遗迹考察,探索,08:00-23:30,9 小时,困难,22%,27金,190,110,硫磺结晶×2~4、混沌碎片×1~2、远古石板×1~2,链条：需先完成「镇压恶魔裂隙」
Lv5,迷路的仙灵,护送,08:00-23:30,5 小时,普通,32%,23.5金,168,85,仙灵之尘×1~2、紫藤花×2~5、晨露花×2~4,
Lv5,净化亡灵谷,狩猎,08:00-23:30,10 小时,困难,22%,29金,195,125,幽魂灯×1~2、暗影草×2~4、星尘×1~3,链条：需先完成「仙灵的谢礼」
Lv5,地狱钟声,精英,08:00-23:30,12 小时,噩梦,12%,56金,302,212,灵魂币×1~2、魔鬼徽记×2~4、混沌碎片×1~2,链条：需先完成「魔鬼的谈判」
Lv5,仙灵的谢礼,采集,08:00-23:30,4 小时,普通,32%,24.5金,172,88,仙灵之尘×2~3、紫藤花×3~8、星尘×2~4,链条：需先完成「迷路的仙灵」
Lv5,魂灯引渡,护送,08:00-23:30,13 小时,噩梦,12%,43金,258,182,幽魂灯×2~3、暗影草×3~6、星尘结晶×1~2,链条：需先完成「净化亡灵谷」
Lv5,亡者回廊·镇魂,探索,08:00-23:30,8 小时,困难,22%,29金,196,128,幽魂灯×1~2、暗影草×2~4、星尘×2~4,链条：需先完成「亡者回廊·踏勘」
Lv5,幽都渡口,护送,08:00-23:30,11 小时,噩梦,12%,44金,262,190,幽魂灯×2~3、灵魂币×1、暗影草×3~6,链条：需先完成「亡者回廊·镇魂」
Lv5,硫磺深渊·探井,探索,08:00-23:30,9 小时,困难,22%,30金,200,130,硫磺结晶×2~4、混沌碎片×1~2,链条：需先完成「地狱钟声」
Lv5,地狱熔炉,精英,08:00-23:30,12 小时,噩梦,12%,55金,298,210,硫磺结晶×3~6、魔鬼徽记×2~4、灵魂币×1,链条：需先完成「硫磺深渊·探井」
Lv5,泰坦之心,精英,08:00-23:30,11 小时,困难,22%,34金,216,150,巨人骨×2~4、陨铁×2~4、星核×1,链条：需先完成「泰坦遗骸发掘」
Lv5,沼心巨蟒,狩猎,08:00-23:30,12 小时,噩梦,12%,46金,270,196,剧毒蛇齿×2~5、九头蛇鳞片×1~3、蛇怪之眼×1~2,链条：需先完成「毒沼腹地·踏勘」
Lv5,深海船骸,探索,08:00-23:30,9 小时,困难,22%,31金,198,132,星辉绸×1~2、月长石×1~3、幽魂灯×1,链条：需先完成「海怪追踪」
Lv5,海渊之主,狩猎,08:00-23:30,13 小时,噩梦,12%,52金,290,205,九头蛇鳞片×2~4、蛇怪之眼×1~2、混沌碎片×1~2,链条：需先完成「深海船骸」
Lv5,雪原巡礼,护送,08:00-23:30,7 小时,困难,22%,27金,192,120,魔狼鬃毛×1~2、月长石×1~2、雪盐×2~5,链条：需先完成「圣兽驯服」