场景,触发概率,心情修正,品阶,品级概率,数量
委托结算,6%,心情 ≥70 +2% / <30 −2%,普通,57%,1~2
委托结算,6%,心情 ≥70 +2% / <30 −2%,精良,30%,1~2
委托结算,6%,心情 ≥70 +2% / <30 −2%,稀有,10.5%,1
委托结算,6%,心情 ≥70 +2% / <30 −2%,史诗,2.5%,1
探索归来,8%,心情 ≥70 +2% / <30 −2%,普通,57%,1~2
探索归来,8%,心情 ≥70 +2% / <30 −2%,精良,30%,1~2
探索归来,8%,心情 ≥70 +2% / <30 −2%,稀有,10.5%,1
探索归来,8%,心情 ≥70 +2% / <30 −2%,史诗,2.5%,1
传奇事件,12%,心情 ≥70 +2% / <30 −2%,普通,35%,1~2
传奇事件,12%,心情 ≥70 +2% / <30 −2%,精良,32%,1~2
传奇事件,12%,心情 ≥70 +2% / <30 −2%,稀有,22%,1
传奇事件,12%,心情 ≥70 +2% / <30 −2%,史诗,9%,1
传奇事件,12%,心情 ≥70 +2% / <30 −2%,传说,2%,1