宠物,礼物,品阶,基准价,权重,数量
小狼,兽肉,普通,5银,32%,1~2
小狼,河鱼,普通,4银,26%,1~2
小狼,蘑菇,普通,3银,20%,1~2
小狼,止血草,普通,3银,14%,1~2
小狼,山珍,稀有,95银,7%,1
小狼,魔狼鬃毛,史诗,5.2金,1%,1
月光狐,晨露花,精良,18银,36%,1~2
月光狐,金盏花,精良,19银,28%,1~2
月光狐,紫藤花,精良,22银,22%,1~2
月光狐,月光草,稀有,90银,12%,1
月光狐,月影纱,稀有,1.1金,1.5%,1
月光狐,月长石,史诗,5.8金,0.5%,1
绒球兽,天鹅绒,精良,24银,32%,1~2
绒球兽,香草,精良,26银,28%,1~2
绒球兽,蘑菇,普通,3银,22%,1~2
绒球兽,止血草,普通,3银,16%,1~2
绒球兽,山珍,稀有,95银,1.5%,1
绒球兽,蜂王浆,稀有,98银,0.5%,1
史莱姆,泉水,普通,5银,34%,1~2
史莱姆,蘑菇,普通,3银,26%,1~2
史莱姆,止血草,普通,3银,20%,1~2
史莱姆,蜂蜜,普通,6银,14%,1~2
史莱姆,石英,普通,8银,5%,1~2
史莱姆,净化石,稀有,80银,1%,1
捣蛋鬼,蜂蜜,普通,6银,34%,1~2
捣蛋鬼,蘑菇,普通,3银,26%,1~2
捣蛋鬼,河鱼,普通,4银,20%,1~2
捣蛋鬼,哥布林图腾,稀有,90银,12%,1
捣蛋鬼,古董钱币,稀有,1.2金,7%,1
捣蛋鬼,蜂王浆,稀有,98银,1%,1
星界幼龙,石英,普通,8银,46%,1~2
星界幼龙,星尘,稀有,1金,44%,1
星界幼龙,月长石,史诗,5.8金,8%,1
星界幼龙,星辉绸,史诗,7金,2%,1
龙神幼崽,兽肉,普通,5银,52%,1~2
龙神幼崽,山珍,稀有,95银,30%,1
龙神幼崽,龙涎果,史诗,6金,14%,1
龙神幼崽,龙鳞,史诗,8金,3%,1
龙神幼崽,龙血,史诗,8金,1%,1
幼龙群,兽肉,普通,5银,56%,1~2
幼龙群,山珍,稀有,95银,24%,1
幼龙群,龙骨,史诗,6金,12%,1
幼龙群,巨人骨,史诗,4金,6%,1
幼龙群,大块龙肉,史诗,4.5金,2%,1
深渊之眼,河鱼,普通,4银,48%,1~2
深渊之眼,净化石,稀有,80银,24%,1
深渊之眼,暗影草,史诗,4金,20%,1
深渊之眼,虚空结晶,史诗,6金,6%,1
深渊之眼,混沌碎片,史诗,8.5金,2%,1