宠物,品阶,类别,加成,成长 / 阶段,来源
🐺 小狼,史诗,小狼成长链,材料掉落 +1%,成长值 60 → 成年狼,探索事件「受伤小狼」（喂食材料积累成长值）
🐺 成年狼,史诗,小狼成长链,材料掉落 +3%,成长值 200 → 巨狼,探索事件「受伤小狼」（喂食材料积累成长值）
🐺 巨狼,史诗,小狼成长链,材料掉落 +5%、成功率 +1%,成长值 300 → 远古魔狼,探索事件「受伤小狼」（喂食材料积累成长值）
🐺 远古魔狼,史诗,小狼成长链,材料掉落 +8%、成功率 +3%,成长值满后进入「变异值」积累期,探索事件「受伤小狼」（喂食材料积累成长值）
🦊 月光狐,史诗,成长链（月光狐）,委托报酬 +1%,阅读 45 次 → 月影狐,月卡·阅读黄金
🦊 月影狐,史诗,成长链（月光狐）,材料掉落 +2%、委托报酬 +2%,阅读 60 次 → 幻月九尾,月卡·阅读黄金
🦊 幻月九尾,史诗,成长链（月光狐）,材料掉落 +4%、成功率 +1%、委托报酬 +3%,无成长要求 → 变异期,月卡·阅读黄金
🦊 星月狐仙,史诗,成长链（月光狐·变异）,材料掉落 +6%、成功率 +2%、委托报酬 +4%,变异值累计 260 → 变异,同上（材料+6%、成功率+2%、报酬+4%）
🐹 绒球兽,精良,成长链（绒球兽）,材料掉落 +1%、委托报酬 +1%,成长值 40 → 云绒兽,探索奇遇
🐹 云绒兽,精良,成长链（绒球兽）,材料掉落 +3%、委托报酬 +2%,成长值 120 → 雪绒巨兽,探索奇遇
🐹 雪绒巨兽,精良,成长链（绒球兽）,材料掉落 +5%、成功率 +1%、委托报酬 +3%,成长值 120 → 变异期,探索奇遇
🐹 虹绒兽,精良,成长链（绒球兽·变异）,材料掉落 +6%、成功率 +1%、委托报酬 +3%,变异期累计 220 → 变异,同上（材料+6%、成功率+1%、报酬+3%）
🟢 史莱姆,普通,成长链（史莱姆）,材料掉落 +1%,成长值 40 → 大型史莱姆,探索奇遇
🟢 大型史莱姆,普通,成长链（史莱姆）,材料掉落 +2%,成长值 120 → 史莱姆之王,探索奇遇
🟢 史莱姆之王,普通,成长链（史莱姆）,材料掉落 +3%,成长值 120 → 变异期,探索奇遇
🟢 黄金史莱姆,普通,成长链（史莱姆·变异）,材料掉落 +4%、成功率 +1%,变异期累计 220 → 变异,同上（材料+4%、成功率+1%）
👻 捣蛋鬼,稀有,成长链（捣蛋鬼）,经验 +5%,成长值 40 → 恶作剧精,探索奇遇
👻 恶作剧精,稀有,成长链（捣蛋鬼）,经验 +8%,成长值 120 → 捣蛋之王,探索奇遇
👻 捣蛋之王,稀有,成长链（捣蛋鬼）,成功率 +1%、经验 +10%,成长值 120 → 变异期,探索奇遇
👻 彩蛋大王,稀有,成长链（捣蛋鬼·变异）,成功率 +1%、经验 +12%,变异期累计 220 → 变异,同上（经验+12%、成功率+1%）
🐲 星界幼龙,传说,成长链（星界幼龙）,成功率 +1%,成长值 60 → 星辉龙,传奇事件「星界远征」
🐲 星辉龙,传说,成长链（星界幼龙）,成功率 +2%,成长值 180 → 星界巨龙,传奇事件「星界远征」
🐲 星界巨龙,传说,成长链（星界幼龙）,成功率 +3%、经验 +5%,成长值 180 → 变异期,传奇事件「星界远征」
🐲 星穹之龙,传说,成长链（星界幼龙·变异）,成功率 +5%、经验 +12%,变异期累计 300 → 变异,同上（成功率+5%、经验+12%）
🐉 龙神幼崽,传说,成长链（龙神幼崽）,委托报酬 +3%,成长值 60 → 龙神子嗣,传奇事件「龙神契约」
🐉 龙神子嗣,传说,成长链（龙神幼崽）,委托报酬 +5%,成长值 180 → 龙神使者,传奇事件「龙神契约」
🐉 龙神使者,传说,成长链（龙神幼崽）,成功率 +1%、委托报酬 +7%,成长值 180 → 变异期,传奇事件「龙神契约」
🐉 龙神化身,传说,成长链（龙神幼崽·变异）,材料掉落 +5%、成功率 +1%、委托报酬 +10%,变异期累计 300 → 变异,同上（报酬+10%、材料+5%、成功率+1%）
🦎 幼龙群,传说,成长链（幼龙群）,材料掉落 +3%,成长值 60 → 幼龙小队,传奇事件「万龙之宴」
🦎 幼龙小队,传说,成长链（幼龙群）,材料掉落 +5%,成长值 180 → 龙群之首,传奇事件「万龙之宴」
🦎 龙群之首,传说,成长链（幼龙群）,材料掉落 +7%、成功率 +1%,成长值 180 → 变异期,传奇事件「万龙之宴」
🦎 万龙之群,传说,成长链（幼龙群·变异）,材料掉落 +12%、成功率 +3%,变异期累计 300 → 变异,同上（材料+12%、成功率+3%）
👁️ 深渊之眼,传说,成长链（深渊之眼）,材料掉落 +2%,成长值 60 → 深渊凝视者,传奇事件「深渊回响」
👁️ 深渊凝视者,传说,成长链（深渊之眼）,材料掉落 +4%,成长值 180 → 深渊主宰之眼,传奇事件「深渊回响」
👁️ 深渊主宰之眼,传说,成长链（深渊之眼）,材料掉落 +6%、成功率 +1%,成长值 180 → 变异期,传奇事件「深渊回响」
👁️ 深渊之瞳·终焉,传说,成长链（深渊之眼·变异）,材料掉落 +12%、成功率 +2%,变异期累计 300 → 变异,同上（材料+12%、成功率+2%）