成就,达成条件,奖励,可见性
晨曦之约,30 天内早起达标 ≥27 天（含豁免）。,成就饰品「晨曦之冠」,常显
百炼成钢,累计完成 100 次委托。,成就饰品「百炼徽记」,常显
屠龙者,完成传奇事件「屠龙传说」。,成就饰品「龙血指环」,常显
深渊归来,封印深渊领主（完成「深渊领主封印」）。,成就饰品「深渊之瞳」,常显
创世者,完成传奇事件「创世碎片」。,成就饰品「创世之印」,常显
夜之安眠,累计早睡达标 ≥60 天。,成就饰品「安眠坠」,常显
晨间行者,累计早起达标 ≥60 天。,成就饰品「晨行者徽章」,常显
身强体健,累计运动达标 ≥60 天。,成就饰品「健行者护腕」,常显
博览群书,累计阅读 ≥100 次。,成就饰品「藏书家之冕」,常显
百战之躯,累计完成 300 次委托。,成就饰品「百战护符」,常显
大师,—,成就饰品「大师徽章」,常显
周全绿,连续 14 天健康评分 ≥80。,称号「常青」,隐藏（达成前不可见）
夜猫子的救赎,累计 ≥10 次错过入睡打卡后，最近 20 天全部按时入睡。,称号「归夜者」,隐藏（达成前不可见）
滴水穿石,累计早起达标 ≥200 天。,称号「恒行者」,隐藏（达成前不可见）
书中自有,累计阅读 ≥500 次。,称号「万卷」,隐藏（达成前不可见）
传奇之旅,完成 ≥6 个传奇事件。,称号「传奇旅人」,隐藏（达成前不可见）
囤积家,同时持有 ≥50 种材料。,称号「满仓」,隐藏（达成前不可见）
蜕变之始,任一只宠物（含小狼）完成变异。,称号「破茧」,隐藏（达成前不可见）
形影不离,与一只宠物相伴 ≥100 天。,称号「形影」,隐藏（达成前不可见）
林间常客,派宠物外出散步累计 ≥10 次。,称号「林客」,隐藏（达成前不可见）