区域,开放时间,探索点,耗时,门槛,掉落（概率）
晨光森林,07:00-09:00,3,2h,—,止血草 35% / 晨露花 35% / 薄荷叶 30% / 白桦木 25% / 金盏花 20% / 蜂王浆 8% / 清醒符咒 7%
晨光森林·深处,07:00-09:00,4,3h,公会 C 级 + 冒险者 Lv3 + 深处层,止血草 30% / 晨露花 30% / 薄荷叶 30% / 白桦木 25% / 金盏花 25% / 蜂王浆 15% / 清醒符咒 8%
午间溪谷,12:00-14:00,3,3h,—,蘑菇 35% / 河鱼 30% / 浆果 30% / 南瓜 22% / 提神石 15% / 蜂蜜 5%
午间溪谷·深处,12:00-14:00,4,4h,公会 C 级 + 冒险者 Lv3 + 深处层,蘑菇 30% / 河鱼 30% / 浆果 30% / 南瓜 25% / 提神石 22% / 蜂蜜 12%
黄昏山丘,17:00-19:00,4,4h,—,鹿皮 35% / 铜矿石 35% / 花岗岩 28% / 棉线 22% / 云杉木 18% / 狮鹫羽 6% / 松脂 15%
黄昏山丘·深处,17:00-19:00,5,6h,公会 C 级 + 冒险者 Lv3 + 深处层,鹿皮 30% / 铜矿石 30% / 花岗岩 30% / 棉线 25% / 云杉木 25% / 狮鹫羽 10% / 松脂 18%
星夜洞窟,21:00-23:00,4,5h,—,月光草 30% / 星尘 25% / 铅矿石 20% / 黄玉 10% / 蛛丝 8% / 静心香 15% / 安眠护符 8%
星夜洞窟·深处,21:00-23:00,5,6h,公会 A 级 + 冒险者 Lv4 + 深处层,月光草 30% / 星尘 28% / 铅矿石 25% / 黄玉 15% / 蛛丝 12% / 静心香 20% / 安眠护符 10%
废弃矿道,12:00-23:30,5,6h,—,铁矿石 30% / 白银矿 18% / 紫水晶 10% / 黑铁矿 10% / 血玛瑙 6% / 符文岩 4% / 秘银合金 3% / 旧宝箱 25% / 清醒符咒 6% / 安眠护符 4% / 大理石 20% / 黑曜石 12%
废弃矿道·深处,12:00-23:30,6,7h,公会 A 级 + 冒险者 Lv4 + 深处层,铁矿石 28% / 白银矿 22% / 紫水晶 14% / 黑铁矿 12% / 血玛瑙 8% / 符文岩 6% / 秘银合金 4% / 旧宝箱 25% / 清醒符咒 6% / 安眠护符 5%
腐化森林,08:00-23:30,6,8h,冒险者 Lv3,暗影草 28% / 净化石 27% / 紫藤花 15% / 黑檀木 10% / 铁木 10% / 龙息草 8% / 凤凰草 4% / 龙涎果 3% / 安眠护符 7% / 清醒符咒 5% / 活力药水 5% / 幸运币 4%
腐化森林·深处,08:00-23:30,7,9h,公会 S 级 + 冒险者 Lv5 + 深处层,暗影草 30% / 净化石 25% / 紫藤花 15% / 黑檀木 12% / 铁木 12% / 龙息草 10% / 凤凰草 6% / 龙涎果 4% / 安眠护符 8% / 清醒符咒 6% / 活力药水 4% / 幸运币 4%
虚空裂痕,22:00-23:30,8,12h,冒险者 Lv4,星尘 25% / 星辉石 20% / 陨铁 15% / 月长石 8% / 云纹锦 5% / 凤凰木 5% / 星界罗盘 5% / 远古符文 4% / 星陨岩 4% / 巨龙竖瞳 8% / 星辉绸 10% / 星辉花 2% / 星尘蜜 2% / 世界树枝条 2% / 时之沙漏 2% / 疾风符咒 5% / 命运骰子 3% / 时之怀表 3%
虚空裂痕·深处,22:00-23:30,9,14h,公会 S 级 + 冒险者 Lv5 + 深处层,星尘 25% / 星辉石 22% / 陨铁 18% / 月长石 10% / 云纹锦 7% / 凤凰木 7% / 星界罗盘 7% / 远古符文 6% / 星陨岩 6% / 巨龙竖瞳 8% / 星辉绸 10% / 星辉花 3% / 星尘蜜 3% / 世界树枝条 3% / 时之沙漏 3% / 疾风符咒 5% / 命运骰子 3% / 时之怀表 3%
深渊裂隙,08:00-23:30,10,10h,完成委托「深渊裂隙调查」,陨铁 20% / 暗影草 24% / 龙息草 14% / 凤凰草 10% / 龙涎果 8% / 星辉石 8% / 月长石 6% / 龙血 5% / 龙心 3% / 安眠护符 6% / 清醒符咒 6%
深渊深处,08:00-23:30,12,14h,完成委托「深渊领主封印」,星核 18% / 星辉绸 12% / 世界树汁液 12% / 龙心 10% / 世界树心 8% / 世界树皮 8% / 凤凰木 6% / 疾风符咒 4% / 时之沙漏 3% / 命运骰子 3% / 世界树枝条 3%
亡者回廊,08:00-23:30,9,9h,完成委托「亡者回廊·镇魂」,幽魂灯 30% / 暗影草 28% / 星尘 18% / 远古石板 12% / 龙息草 10% / 安眠护符 6% / 清醒符咒 5% / 冥河灯油 4%
硫磺深渊,08:00-23:30,10,10h,完成委托「硫磺深渊·探井」,硫磺结晶 28% / 陨铁 20% / 暗影草 18% / 恶魔之角 14% / 混沌碎片 10% / 魔鬼徽记 6% / 命运骰子 3% / 灵魂币 2% / 地狱火种 3%
泰坦墓场,08:00-23:30,9,10h,完成委托「泰坦之心」,巨人骨 28% / 花岗岩 25% / 石英 22% / 陨铁 18% / 符文岩 10% / 星核 5% / 时之沙漏 2% / 泰坦石核 4%
毒沼腹地,08:00-23:30,8,9h,完成委托「沼心巨蟒」,蛇怪之眼 30% / 蘑菇 30% / 净化石 20% / 剧毒蛇齿 14% / 暗影草 12% / 九头蛇鳞片 10% / 再生蛇髓 4% / 沼心莲实 4%
沉船海沟,08:00-23:30,9,10h,完成委托「深海船骸」,河鱼 30% / 星尘 22% / 白银矿 20% / 月长石 14% / 星辉绸 10% / 远古石板 10% / 幽魂灯 8% / 深海遗珠 4%
圣兽雪原,08:00-23:30,8,8h,完成委托「雪原巡礼」,雪盐 30% / 野兔皮 30% / 月长石 18% / 魔狼鬃毛 16% / 星辉绸 12% / 云纹锦 4% / 圣兽之蜕 2% / 冰晶果 4%