料理,品阶,开放等级,配方,效果,生效方式
菌菇汤,普通,Lv1,蘑菇×4、泉水×2,立即恢复 10 精力,即时
浆果松饼,普通,Lv1,浆果×4、蜂蜜×1,立即恢复 8 精力,即时
南瓜浓汤,普通,Lv1,南瓜×3、泉水×2,立即恢复 12 精力,即时
蜜渍烤鱼,普通,Lv1,河鱼×3、蜂蜜×1,委托报酬 +3%,接取前最后食用生效
香草烤肉,普通,Lv1,兽肉×3、香草×1,委托成功率 +2%,接取前最后食用生效
蜜酿果酒,普通,Lv1,蜂蜜×3、蘑菇×2,立即恢复 12 精力,即时
风干肉条,普通,Lv1,兽肉×5、香草×2,立即恢复 24 精力,即时
鹿骨高汤,精良,Lv2,鹿骨×3、泉水×3,立即恢复 22 精力,即时
紫藤花饼,精良,Lv2,紫藤花×3、蜂蜜×2,立即恢复 18 精力,即时
雪盐烤鱼,精良,Lv2,雪盐×2、河鱼×3,委托报酬 +4%,接取前最后食用生效
蜜炙鹿排,精良,Lv2,鹿骨×3、兽肉×2、蜂蜜×2,精力 +15、报酬 +5%,接取前最后食用生效
金盏花茶,精良,Lv2,金盏花×3、泉水×2,立即获得 1 探索点（每日最多 2 次）,即时
龙息草烤肉,稀有,Lv3,龙息草×2、兽肉×3、雪盐×1,委托成功率 +4%,接取前最后食用生效
月光花茶,稀有,Lv3,月光草×3、晨露花×2、泉水×2,立即获得 2 探索点（每日最多 2 次）,即时
蜂王浆酿,稀有,Lv3,蜂王浆×2、蜂蜜×2、泉水×1,立即恢复 30 精力,即时
蛇怪眼汤,稀有,Lv3,蛇怪之眼×2、蘑菇×3、泉水×2、雪盐×1,立即恢复 36 精力,即时
山珍炖品,稀有,Lv3,山珍×3、泉水×3,立即恢复 48 精力,即时
龙血羹,史诗,Lv4,龙血×2、山珍×2、泉水×2,精力 +40、报酬 +12%、成功率 +4%,接取前最后食用生效
龙涎果拼盘,史诗,Lv4,龙涎果×2、山珍×2,精力 +50、报酬 +10%、探索点 +3（每日最多 2 次）,接取前最后食用生效
星尘蜜露,传说,Lv5,星尘蜜×2、月光草×2、蜂王浆×1,精力 +80、成功率 +6%、探索点 +5（每日最多 2 次）,接取前最后食用生效
沼心莲实羹,史诗,Lv4,沼心莲实×3、蘑菇×3、泉水×2,立即恢复 44 精力,即时
冰晶果酪,史诗,Lv4,冰晶果×3、蜂蜜×2、泉水×2,精力 +28、成功率 +3%,接取前最后食用生效
遗珠海味羹,史诗,Lv4,深海遗珠×2、河鱼×3、雪盐×1,精力 +20、报酬 +8%,接取前最后食用生效
六域拼盘,传说,Lv5,星尘蜜×2、沼心莲实×2、冰晶果×2、深海遗珠×1、山珍×2,精力 +60、报酬 +15%、成功率 +5%,接取前最后食用生效
巨龙盛宴,传说,Lv5,龙心×3、龙炎结晶×1、大块龙肉×5、龙血×3、龙骨×3、世界树汁液×1、星核×1、凤凰草×2、星尘蜜×1、山珍×4,精力恢复 50% 上限、报酬 +18%、成功率 +6%、探索点 +5（每日最多 2 次）,接取前最后食用生效