月份,事件,进度类型,需要,奖励金币,奖励材料,当月称号,描述
1 月,岁首的钟声,规律打卡日,15,24金,月光草×5~8,启程者,新年伊始，先把节奏定下来——规律打卡 15 天。
2 月,寒夜灯火,完成委托,32,30金,月影纱×5~8,夜行人,寒夜里公会的灯还亮着——完成 32 次委托。
3 月,春耕祭,探索次数,28,32金,龙息草×5~8,春野行者,大地回暖，出门走走——探索 28 次。
4 月,花雨巡礼,完成委托,36,34金,血玛瑙×5~8,花信子,花雨纷飞，正是接单的好时节——完成 36 次委托。
5 月,海风信使,探索次数,30,36金,狮鹫羽×5~9,听潮人,海风捎来远方的消息——探索 30 次。
6 月,长日守望,规律打卡日,18,38金,蜂王浆×6~10,守夏人,一年中最长的白天——规律打卡 18 天。
7 月,盛夏远征,完成委托,42,40金,陨铁×5~8,烈日旅团,盛夏炎炎，是远征的季节——完成 42 次委托。
8 月,星祭之夜,探索次数,32,42金,月长石×5~8,星祭使,流星雨之夜，公会举办星祭——探索 32 次。
9 月,丰收序曲,完成委托,50,44金,龙涎果×6~10,拾穗者,田野金黄，商队络绎——完成 50 次委托。
10 月,雾月探寻,探索次数,30,46金,秘银合金×5~8,雾中客,秋雾弥漫，正适合探访旧地——探索 30 次。
11 月,炉火围谈,规律打卡日,20,50金,凤凰木×6~10,暖炉守护,围炉夜话之前，先把作息稳住——规律打卡 20 天。
12 月,岁末的答卷,完成委托,60,58金,星尘结晶×6~10,岁末结业生,一年将尽，用行动写下答卷——完成 60 次委托。