材料名,品类,品阶,基准价,介绍,品类用途
松木,木材,普通,4银,散发着清冽树脂香的浅色木料，斧刃落下时会渗出琥珀般的松脂。轻而韧，是大陆上最常见的木料。,打造材料：弓弩杖类装备的主材料；木材系装备的副材料。
白桦木,木材,普通,4银,树干洁白如雪，树皮剥落处像翻开一页旧书。轻巧易塑形，新手木匠最爱与它打交道。,打造材料：弓弩杖类装备的主材料；木材系装备的副材料。
松脂,木材,精良,16银,从百年老松的伤口处凝结的金色硬块，指尖按上去黏而温。凑近能闻到整片松林的呼吸。,打造材料：弓弩杖类装备的主材料；木材系装备的副材料。
云杉木,木材,精良,18银,笔直高耸的云杉之心材，纹理细密如拉满的弓弦。据说用这种木料做的杖子，在雷雨天会轻微震颤。,打造材料：弓弩杖类装备的主材料；木材系装备的副材料。
黑檀木,木材,稀有,90银,乌沉似墨，沉重得与体积不相称。打磨后泛着幽暗的光，触手生凉，被视作高贵与沉稳的象征。,打造材料：弓弩杖类装备的主材料；木材系装备的副材料。
铁木,木材,稀有,1.1金,木质坚硬逾铁，普通斧凿只留下一道白痕。传闻古老树精的战棍，皆以铁木削成。,打造材料：弓弩杖类装备的主材料；木材系装备的副材料。
凤凰木,木材,史诗,4.5金,温热的木材，细看有暗红纹路如余烬闪烁。相传它由凤凰栖过的枝干长成，从不朽坏。,打造材料：弓弩杖类装备的主材料；木材系装备的副材料。
世界树枝条,木材,传说,35金,一段泛着微光的枝桠，断口处缓缓流淌着青翠的光点。握住它时，仿佛听见森林在低声吟唱。,打造材料：弓弩杖类装备的主材料；木材系装备的副材料。
青石,石材,普通,4银,随处可见的灰青色石头，敲之声音清脆。扎实可靠——匠人们的第一块磨刀石，多半就是它。,打造材料：石器装备的主材料；石材系装备的副材料。
花岗岩,石材,普通,5银,布满细密斑点的坚硬岩石，风吹雨打百年不改其形。城堡的地基与巨锤的配重都靠它。,打造材料：石器装备的主材料；石材系装备的副材料。
大理石,石材,精良,20银,纹理如流云般的洁白石材，光可鉴人。贵族以铺设它的厅堂炫耀财富，法师则看中它稳定魔力的一面。,打造材料：石器装备的主材料；石材系装备的副材料。
黑曜石,石材,稀有,95银,火山之泪——玻璃般漆黑光滑的岩石，断口边缘比刀子更利。暗处望去，像一只沉默的眼睛。,打造材料：石器装备的主材料；石材系装备的副材料。
符文岩,石材,史诗,5金,石面上天然生着古老的符号，无人能够解读。把耳朵贴上时，隐约有极低沉的颤动声。,打造材料：石器装备的主材料；石材系装备的副材料。
星陨岩,石材,传说,40金,从天穹坠落的岩石，表面残留着烧灼的轨迹与星尘。靠近它，呼吸会不自觉地放轻。,打造材料：石器装备的主材料；石材系装备的副材料。
铜矿石,矿石,普通,6银,铜绿的斑纹像锈蚀的鳞片，敲开则露出温润的红黄断面。新手铁匠握起手锤前的第一课。,打造材料：剑 / 斧 / 铠甲类的主材料；矿石系装备的副材料。
铅矿石,矿石,普通,5.5银,沉甸甸的灰黑矿石，触手冰凉。据说能挡开某些占卜的目光——探险者喜欢把它缝进行李袋里。,打造材料：剑 / 斧 / 铠甲类的主材料；矿石系装备的副材料。
铁矿石,矿石,精良,22银,敲开赭红色的岩壳，断面藏着细碎的银灰金星。锻造王国的骨架，皆由它撑起。,打造材料：剑 / 斧 / 铠甲类的主材料；矿石系装备的副材料。
提神石,矿石,精良,25银,温热的浅色石头，握久了掌心会泛起微微的刺麻感。旅人把它揣在怀里，用来驱散长途跋涉的困倦。,打造材料：剑 / 斧 / 铠甲类的主材料；矿石系装备的副材料。
秘银矿,矿石,精良,26银,泛着淡银蓝辉光的稀有矿石，轻得不像金属。矮人锻炉里的奢侈品，精灵弓匠的心头好。,打造材料：剑 / 斧 / 铠甲类的主材料；矿石系装备的副材料。
白银矿,矿石,精良,23银,色泽如月光的软金属矿石。吟游诗人说，银对邪恶之物天生敏感——银刃的影子照进暗处，黑暗会自己退开。,打造材料：剑 / 斧 / 铠甲类的主材料；矿石系装备的副材料。
净化石,矿石,稀有,80银,乳白色的矿石，浸入水中能让浊水澄清。神庙圣水池的池底，铺的便是这种石头。,打造材料：剑 / 斧 / 铠甲类的主材料；矿石系装备的副材料。
星尘,矿石,稀有,1金,收集自流星轨迹的银色微粒，静置时会缓缓沉降。洒在暗处，像一小片被囚禁的夜空。,打造材料：剑 / 斧 / 铠甲类的主材料；矿石系装备的副材料。
黑铁矿,矿石,稀有,92银,比普通铁矿更沉更暗，断口泛着暗红的晶光。老矿工说，它的矿脉深处总盘旋着说不清的热气。,打造材料：剑 / 斧 / 铠甲类的主材料；矿石系装备的副材料。
陨铁,矿石,史诗,6金,钢铁般冷硬的陨石碎块，纹路如凝固的波浪。它在锻炉中格外倔强，但成器之后，永不生锈。,打造材料：剑 / 斧 / 铠甲类的主材料；矿石系装备的副材料。
硫磺结晶,矿石,史诗,7金,地狱边境开采出的黄色晶簇，凑近能闻到燃烧的誓约味。牧师说，点着它念祷词，效果翻倍。,打造材料：剑 / 斧 / 铠甲类的主材料；矿石系装备的副材料。
泰坦石核,矿石,史诗,6.6金,远古巨人生前沉在胸腔里的石核，沉得压手。敲开一角，断面泛着古老的光——像一颗还在慢慢跳动的石头心脏。,打造材料：剑 / 斧 / 铠甲类的主材料；矿石系装备的副材料。
秘银合金,矿石,史诗,6.5金,秘银与精钢的完美融合，泛着淡淡的银蓝色。锻造大师一生能碰上的好料，也就那么几块。,打造材料：剑 / 斧 / 铠甲类的主材料；矿石系装备的副材料。
星核,矿石,传说,50金,一颗拳头大的金属核心，触感介于冰与火之间。据说它曾是一颗流星的灵魂，内里永远有星光在旋舞。,打造材料：剑 / 斧 / 铠甲类的主材料；矿石系装备的副材料。
石英,宝石,普通,8银,通体透明的水晶，对着光看能分出虹彩。平民女巫的第一颗占卜石，也是孩子兜里的第一枚宝贝。,打造材料：饰品类的主材料；宝石系装备的副材料。
紫水晶,宝石,精良,40银,透着葡萄酒般深邃紫色的晶体，月下会泛出柔光。人们相信它能镇住混乱的思绪。,打造材料：饰品类的主材料；宝石系装备的副材料。
黄玉,宝石,精良,28银,蜜色的澄澈宝石，日光下会亮起一小片暖黄的星芒。商队首领爱把它镶在契约印章上。,打造材料：饰品类的主材料；宝石系装备的副材料。
星辉石,宝石,稀有,1.5金,内里仿佛悬浮着无数针尖大小光点的宝石，转动手腕时光点缓缓流动——像握住一小片星空。,打造材料：饰品类的主材料；宝石系装备的副材料。
血玛瑙,宝石,稀有,1.2金,深红如凝固之血的宝石，纹路在光下像血管般蔓延。古老的战士把它的碎片嵌在剑柄里，以求庇护。,打造材料：饰品类的主材料；宝石系装备的副材料。
混沌碎片,宝石,史诗,8.5金,深渊恶魔消散的地方凝出的棱晶，折射出的光没有规律。看久了，会觉得它在笑。,打造材料：饰品类的主材料；宝石系装备的副材料。
地狱火种,宝石,史诗,7.6金,从狱火矿脉最深处割下的一簇凝火，蜷在晶石里，像一颗打着盹的小小的心脏。贴近它听，能听见炉膛般的低吼一声接一声。,打造材料：饰品类的主材料；宝石系装备的副材料。
深海遗珠,宝石,史诗,7金,从沉船货舱的锈锁里滚出来的旧珠，入手温润。对着灯看，珠心里像还锁着一小片海——幽蓝的涟漪一动，一动。,打造材料：饰品类的主材料；宝石系装备的副材料。
虚空结晶,宝石,史诗,6金,一枚黑得看不见底的晶体，光线落在表面就像被吞掉。注视它太久，会听到若有若无的低语。,打造材料：饰品类的主材料；宝石系装备的副材料。
月长石,宝石,史诗,5.8金,月光似的乳蓝宝石，随角度变化流转着幽光。精灵族视之为月光女神的眼泪。,打造材料：饰品类的主材料；宝石系装备的副材料。
世界树心,宝石,传说,55金,世界树最古老的年轮里析出的宝石，青金色的光芒如万叶摇曳。捧它入怀，会感到安稳与疲倦同时涌上来。,打造材料：饰品类的主材料；宝石系装备的副材料。
龙瞳结晶,宝石,传说,58金,巨龙濒死时，最后一道目光凝在瞳孔里，经年累月的魔力把它烧成了晶。对着光看，晶心深处仍有一线竖直的金红，像是还在望着什么。,打造材料：饰品类的主材料；宝石系装备的副材料。
龙炎结晶,宝石,传说,32金,火龙胸腔里凝出的一枚赤色晶体，内里的火苗千年不熄。铁匠说，把它丢进炉里，整座山都会听见炉火的欢呼。,打造材料：饰品类的主材料；宝石系装备的副材料。
止血草,草药,普通,3银,长着锯齿叶片的常见草药，嚼碎敷在伤口上，血很快便止住。炊事班与冒险者背包的常备品。,打造材料：植物系装备（花冠 / 短刃 / 草杖）的主 / 副材料。
薄荷叶,草药,普通,3银,清凉的草本叶片，揉碎后气味直冲鼻腔。旅途困顿、头脑昏沉时，含一片下去便精神一振。,打造材料：植物系装备（花冠 / 短刃 / 草杖）的主 / 副材料。
晨露花,草药,精良,18银,花瓣上永远凝着一层露水似的透明花。清晨采摘的药效最好——药农说，它认得太阳的时辰。,打造材料：植物系装备（花冠 / 短刃 / 草杖）的主 / 副材料。
金盏花,草药,精良,19银,金色花瓣舒展得像一枚小太阳。据说熬汤时放上两瓣，喝下去的人一整天都心情明朗。,打造材料：植物系装备（花冠 / 短刃 / 草杖）的主 / 副材料。
紫藤花,草药,精良,22银,垂落成串的淡紫花穗，香气温柔绵长。药铺主人常把它晾在檐下，整条街都能闻到甜香。,打造材料：植物系装备（花冠 / 短刃 / 草杖）的主 / 副材料。
月光草,草药,稀有,90银,只肯在月下舒展的银叶小草，叶脉里流动着淡银的光。采药人需趁月圆之夜，轻手轻脚地接近。,打造材料：植物系装备（花冠 / 短刃 / 草杖）的主 / 副材料。
龙息草,草药,稀有,1金,无风也会轻轻摇曳的赤色草药，据传根系曾饮过巨龙的吐息。凑近时能感到一丝异样的热意。,打造材料：植物系装备（花冠 / 短刃 / 草杖）的主 / 副材料。
暗影草,草药,史诗,4金,生在常年不见光的深渊裂谷里，叶片黑得发亮。采摘时务必要用布裹手——它自己会朝阴影里缩。,打造材料：植物系装备（花冠 / 短刃 / 草杖）的主 / 副材料。
凤凰草,草药,史诗,5.5金,叶缘泛着金红微光的奇异草药，入药之前需要三分敬意。灰烬中重生的传说，让它在药圃里也带着三分神圣。,打造材料：植物系装备（花冠 / 短刃 / 草杖）的主 / 副材料。
世界树汁液,草药,传说,40金,从世界树伤口缓缓滴落的神木之泪，碧金交融，沿着瓶壁缓缓游动。传说饮下它的人，会在梦中对上那双古老的眼睛。,打造材料：植物系装备（花冠 / 短刃 / 草杖）的主 / 副材料。
星辉花,草药,传说,42金,花瓣会在黑暗中自行亮起的花，把夜色分成朵朵微光。传说它盛放之夜，整片山谷如坠星河。,打造材料：植物系装备（花冠 / 短刃 / 草杖）的主 / 副材料。
蘑菇,食材,普通,3银,肥厚多汁的伞菌，是窑火与汤锅最古老的朋友。清汤与炖品里，总能找到它。,烹饪食材：用于料理烹饪；不可用于打造。
河鱼,食材,普通,4银,河湾里银光一闪的小鱼，肉质清甜。烤得恰到好处时，是旅人一天辛苦过后的安慰奖。,烹饪食材：用于料理烹饪；不可用于打造。
蜂蜜,食材,普通,6银,野蜂采集山花酿成的金色蜜汁，黏稠透亮。甜味里藏着整片花田，也是酒馆公认的硬通货。,烹饪食材：用于料理烹饪；不可用于打造。
泉水,食材,普通,5银,从山岩裂隙里滤出的清泉，凉得恰到好处。猎人们称之为「山神的恩惠」。,烹饪食材：用于料理烹饪；不可用于打造。
兽肉,食材,普通,5银,后腿肉紧实，油脂分布均匀。无论炙烤还是风干，都是补充体力的实在选择。,烹饪食材：用于料理烹饪；不可用于打造。
浆果,食材,普通,3.5银,酸甜多汁的野浆果，摘一颗放进嘴里，唇齿留香。据说，是孩子们最爱的奖赏。,烹饪食材：用于料理烹饪；不可用于打造。
南瓜,食材,普通,4.5银,沉甸甸的橙皮圆瓜，切开后带着清甜的草木气。炖成浓汤，是秋日里最朴实的幸福。,烹饪食材：用于料理烹饪；不可用于打造。
香草,食材,精良,26银,叶片细长、香气含蓄的调味草。好厨师说，一道菜的灵魂往往藏在这些小小的叶片里。,烹饪食材：用于料理烹饪；不可用于打造。
雪盐,食材,精良,17银,高山盐湖里结晶出的粗盐，颗粒晶莹。传说产地在雪线之上，只有最肯吃苦的商队才去采。,烹饪食材：用于料理烹饪；不可用于打造。
山珍,食材,稀有,95银,山民口中「山神的礼物」——菌菇、嫩笋与珍蔬的统称。一个「山」字打底，鲜味压得住一桌菜。,烹饪食材：用于料理烹饪；不可用于打造。
蜂王浆,食材,稀有,98银,蜂王专属的乳白浆液，滋味醇厚微酸。蜂蜜中的黄金，据说能撑起蜜群一整个冬天的精气。,烹饪食材：用于料理烹饪；不可用于打造。
大块龙肉,食材,史诗,4.5金,从火龙身上割下的厚实肉块，油脂里都带着火气。传说吃一口，连梦里都在喷火。,烹饪食材：用于料理烹饪；不可用于打造。
沼心莲实,食材,史诗,5.8金,毒沼最深处那朵睡莲结出的莲子，剥开青壳，果肉白得像凝住的月光。采莲人说，最毒的水土里长出的东西，偏偏最解百毒。,烹饪食材：用于料理烹饪；不可用于打造。
冰晶果,食材,史诗,6金,雪线之上才结的透明果实，果肉冻着一整个冬天的雪意。咬开一口，先是凉，再是慢慢化开的清甜——像含着一小块初春。,烹饪食材：用于料理烹饪；不可用于打造。
龙涎果,食材,史诗,6金,果皮泛着琥珀光纹的稀有果实，切开时飘出的香气带着一丝龙焰的暖意。宴席上的压轴珍馐。,烹饪食材：用于料理烹饪；不可用于打造。
星尘蜜,食材,传说,38金,传说中蜂群追逐流星酿出的蜜，内里浮着细密的银色光点。一勺入喉，仿佛有星光顺着喉咙一路滑下去。,烹饪食材：用于料理烹饪；不可用于打造。
粗麻布,织物,普通,6银,粗糙结实的黄褐色麻布，扎手但耐用。农人与学徒的第一件行装，都从它开始。,打造材料：布甲 / 法袍的主材料；织物系装备的副材料。
棉线,织物,普通,5银,柔软洁白的线团，绕在手指上暖融融的。补衣服、缝皮囊——猎人篝火边的日常工具。,打造材料：布甲 / 法袍的主材料；织物系装备的副材料。
风蚕丝,织物,精良,28银,风蚕吐出的银白丝线，轻得能被气流托起来。织成的衣裳据说冬暖夏凉，走路时会轻轻发响。,打造材料：布甲 / 法袍的主材料；织物系装备的副材料。
天鹅绒,织物,精良,24银,触感如踩在春草上的深色绒布，光泽随光角变化。贵族客厅里的常客，也是好裁缝的骄傲。,打造材料：布甲 / 法袍的主材料；织物系装备的副材料。
月影纱,织物,稀有,1.1金,泛着淡淡月白的轻纱，对着光看几乎半透明。礼服的最外层覆上一层，衣影便如月光浮动。,打造材料：布甲 / 法袍的主材料；织物系装备的副材料。
蛛丝,织物,稀有,1.05金,巨型洞穴蛛织出的坚韧丝线，比同等粗细的钢丝更结实。极难采集——采集者往往要向蛛网「借」一小段。,打造材料：布甲 / 法袍的主材料；织物系装备的副材料。
星辉绸,织物,史诗,7金,织进了星辉石粉末的缎绸，光下会泛起细密的星光。婚礼与加冕礼上最受追捧的料子。,打造材料：布甲 / 法袍的主材料；织物系装备的副材料。
云纹锦,织物,传说,43金,纹样如流云舒卷的神锦，越看越像云在缓慢飘动。匠人们说，织出它的那天，织机上空曾真的聚起一朵云。,打造材料：布甲 / 法袍的主材料；织物系装备的副材料。
山鸡羽,兽材,普通,3银,色彩斑斓的长尾羽，阳光下变换着金属般的色泽。可插在帽檐上装饰，也可用作初级箭羽。,打造材料：皮革甲类的主材料；兽材系装备的副材料。
野兔皮,兽材,普通,5银,柔软蓬松的灰褐色毛皮，抚之如暖云。冬夜里裹住脚踝，寒意便退避三舍。,打造材料：皮革甲类的主材料；兽材系装备的副材料。
鹿皮,兽材,精良,20银,韧性极佳，鞣制后柔软得像一块布。老猎人说，好鹿皮摸起来有森林早晨的温度。,打造材料：皮革甲类的主材料；兽材系装备的副材料。
野猪獠牙,兽材,精良,20银,泛黄的弯獠牙，尖端仍带着磨利的光泽，根部刻着野猪常年啃树留下的糙纹。,打造材料：皮革甲类的主材料；兽材系装备的副材料。
鹿骨,兽材,精良,24银,结实匀称的鹿骨，敲之清脆。可做柄材、可入汤锅——猎户家里最物尽其用的东西。,打造材料：皮革甲类的主材料；兽材系装备的副材料。
枭羽,兽材,精良,22银,夜枭的翼羽，边缘柔软如绒，飞行时悄无声息。据说用它做箭羽，箭也会带走夜的沉默。,打造材料：皮革甲类的主材料；兽材系装备的副材料。
狼牙,兽材,稀有,1.2金,成年大狼的獠牙，弧度优美，刃口天然锋利。部落猎手把它串成项链，作为勇气与野性的见证。,打造材料：皮革甲类的主材料；兽材系装备的副材料。
蛇怪之眼,兽材,稀有,1.2金,从蛇怪眼眶中取下的浑黄眼球，泡在药液里仍会缓慢转动。据说它生前的视线，能穿透迷雾。,打造材料：皮革甲类的主材料；兽材系装备的副材料。
狮鹫羽,兽材,稀有,1.15金,金棕交错的巨型羽毛，硬如箭翎，风过时发出鹰啸般的轻响。只有最高傲的箭匠才配使用。,打造材料：皮革甲类的主材料；兽材系装备的副材料。
巨人骨,兽材,史诗,4金,沉得惊人的一段巨骨，表面刻着岁月风化出的纹路。传说远古巨人的力量，还沉睡在骨孔深处。,打造材料：皮革甲类的主材料；兽材系装备的副材料。
龙鳞,兽材,史诗,8金,这块巨大的龙鳞反射着光，边缘的棘刺锋利而坚固，敲上去有金石之声——顶好的防具材料，也是顶好的奖赏。,打造材料：皮革甲类的主材料；兽材系装备的副材料。
龙骨,兽材,史诗,6金,一段黝黑沉重、内部中空的龙之骨节。把它凑近耳边，据说能听见悠远的龙吟自岁月深处传来。,打造材料：皮革甲类的主材料；兽材系装备的副材料。
龙牙,兽材,史诗,7金,比手臂还长的獠牙，表面覆着釉质般的幽光。传说它被拔出时，周围十里的火把都黯淡了一瞬。,打造材料：皮革甲类的主材料；兽材系装备的副材料。
剧毒龙牙,兽材,史诗,7金,绿龙的毒牙，毒液沿着牙槽往下渗成一线青烟。沾上它，连岩石都会烂出洞来。,打造材料：皮革甲类的主材料；兽材系装备的副材料。
剧毒蛇齿,兽材,史诗,6金,九头蛇换下的旧齿，毒腺的余毒百年不散。工匠用它淬火，猎人用它做箭。,打造材料：皮革甲类的主材料；兽材系装备的副材料。
九头蛇鳞片,兽材,史诗,5.8金,从九头蛇身上剥下的青灰色硬鳞，比想象中轻得多。鳞缘残留的毒液会让皮革匠戴上两层手套。,打造材料：皮革甲类的主材料；兽材系装备的副材料。
恶魔之角,兽材,史诗,7.5金,从恶魔颅侧折下的扭曲弯角，断口还在渗着黑雾。铁匠说，这东西打出的刃，夜里会自己发烫。,打造材料：皮革甲类的主材料；兽材系装备的副材料。
魔狼鬃毛,兽材,史诗,5.2金,泛着暗紫色光泽的粗硬鬃毛，触感却柔韧蓬松。月圆之夜，毛尖上会沁出冷冷的微光。,打造材料：皮革甲类的主材料；兽材系装备的副材料。
圣兽之蜕,兽材,传说,35金,传说圣兽更迭形貌时留下的旧蜕，轻若无物，却刀割不破。触到它的人说，有一种被注视的温柔。,打造材料：皮革甲类的主材料；兽材系装备的副材料。
龙心,兽材,传说,60金,传说中巨龙的心脏残片，至今仍温热而缓慢地搏动着。靠近时，血液似乎也会跟着沉重地打拍子。,打造材料：皮革甲类的主材料；兽材系装备的副材料。
巨龙竖瞳,兽材,传说,52金,传说中的龙之眼核，金赤双色在玛瑙般的表面旋绕，像一只永不闭上的竖瞳正望着你。,打造材料：皮革甲类的主材料；兽材系装备的副材料。
龙角,兽材,传说,55金,巨龙额顶的苍黑弯角，纹路如螺纹盘旋，末端收成一点寒芒。王国将它镶在王座旁，象征那曾经真实存在过的苍穹之怒。,打造材料：皮革甲类的主材料；兽材系装备的副材料。
金龙鳞,兽材,传说,34金,从金龙身上脱落的鳞片，铸着细密的金纹。收集者说，一片就够换一间铺子。,打造材料：皮革甲类的主材料；兽材系装备的副材料。
雷霆龙牙,兽材,传说,31金,从蓝龙颌上取下的牙齿，齿缝里仍跳着细小的电弧。握它太紧，会被「咬」一口。,打造材料：皮革甲类的主材料；兽材系装备的副材料。
暗影龙鳞,兽材,传说,35金,黑龙的鳞片，黑得能吸住光。放在灯下看久了，会觉得它也在看你。,打造材料：皮革甲类的主材料；兽材系装备的副材料。
九头蛇心脏,兽材,传说,50金,九个头颅共享的一颗心脏，离体后仍在缓慢搏动。据说它的节拍里，藏着九条命的重量。,打造材料：皮革甲类的主材料；兽材系装备的副材料。
静心香,特殊,精良,30银,一小束暗香浮动的安神线香，点燃后烟气笔直如一缕银线。失眠的人闻到它，紧皱的眉头会慢慢松开。,特殊：奇物宝材——既有龙鳞 / 龙血这类高端装备主材，也有香药 / 古物一类与打造无关的珍品。
哥布林图腾,特殊,稀有,90银,一截刻满歪扭符号的乌木牌，散发出淡淡的硫磺味。哥布林相信它是祖先的庇佑，冒险者则认为它是好运气——看在打翻它三次都平安无事的份上。,特殊：奇物宝材——既有龙鳞 / 龙血这类高端装备主材，也有香药 / 古物一类与打造无关的珍品。
远古石板,特殊,稀有,1金,半掌厚的灰石片，表面刻着无人能读的古老文字。夜深人静时把耳朵贴上去，仿佛有人隔着漫长岁月低声说话。,特殊：奇物宝材——既有龙鳞 / 龙血这类高端装备主材，也有香药 / 古物一类与打造无关的珍品。
古董钱币,特殊,稀有,1.2金,纹样早已磨平的旧币，边缘还留着几处齿痕。收藏家们为它争得面红耳赤，而它只是安静地躺了几百年。,特殊：奇物宝材——既有龙鳞 / 龙血这类高端装备主材，也有香药 / 古物一类与打造无关的珍品。
符文石,特殊,稀有,1.1金,表面刻着微光纹路的圆石，纹路会随附近魔力的流动缓缓明灭。法师们的便携笔记，也是炼金术士的敲门砖。,特殊：奇物宝材——既有龙鳞 / 龙血这类高端装备主材，也有香药 / 古物一类与打造无关的珍品。
星界罗盘,特殊,稀有,1.4金,指针不听磁极、只指星辰的铜制罗盘。传说它源自观星者之塔，能指向「你真正想去的地方」。,特殊：奇物宝材——既有龙鳞 / 龙血这类高端装备主材，也有香药 / 古物一类与打造无关的珍品。
星尘结晶,特殊,史诗,5金,把一小片星空封进晶体的造物，内里的光点永远缓缓流转。拾起它的人，常说自己当晚做了个回家的梦。,特殊：奇物宝材——既有龙鳞 / 龙血这类高端装备主材，也有香药 / 古物一类与打造无关的珍品。
龙血,特殊,史诗,8金,比熔金更灼热的深红液体，即使在瓶中也不停翻涌。传说滴一滴在伤口上，疤痕会化成鳞的形状。,特殊：奇物宝材——既有龙鳞 / 龙血这类高端装备主材，也有香药 / 古物一类与打造无关的珍品。
绿龙胆囊,特殊,史诗,6.5金,绿龙囤积毒液的地方，鼓胀得一触即破。沼泽猎人见了都绕道走。,特殊：奇物宝材——既有龙鳞 / 龙血这类高端装备主材，也有香药 / 古物一类与打造无关的珍品。
九头蛇胆囊,特殊,史诗,5.5金,九头蛇化毒的所在，胆壁泛着幽绿的光。药师说，是毒，也是解药。,特殊：奇物宝材——既有龙鳞 / 龙血这类高端装备主材，也有香药 / 古物一类与打造无关的珍品。
再生蛇髓,特殊,史诗,7金,九头蛇颈部断口渗出的银白色髓液，离体后仍微微搏动。传闻喝下去的人，伤口愈合快得像被时间追赶。,特殊：奇物宝材——既有龙鳞 / 龙血这类高端装备主材，也有香药 / 古物一类与打造无关的珍品。
魔鬼徽记,特殊,史诗,9.5金,刻着魔鬼真名的黄铜符牌。持有它，就等于持有一份还没签字的契约——放进口袋前，请三思。,特殊：奇物宝材——既有龙鳞 / 龙血这类高端装备主材，也有香药 / 古物一类与打造无关的珍品。
仙灵之尘,特殊,史诗,6金,妖精振翅时洒落的微光粉末，落在伤口上甜甜的。老猎人把它撒在箭上——猎物会一路好梦。,特殊：奇物宝材——既有龙鳞 / 龙血这类高端装备主材，也有香药 / 古物一类与打造无关的珍品。
幽魂灯,特殊,史诗,6.5金,亡灵谷里飘荡的冷焰提灯。灯芯是什么，没人细问——只要它还能照路，亡魂就还算安分。,特殊：奇物宝材——既有龙鳞 / 龙血这类高端装备主材，也有香药 / 古物一类与打造无关的珍品。
冥河灯油,特殊,史诗,6.2金,渡魂人从长明灯里分出的灯油，幽蓝而黏稠，倾出一线便自己往灯芯上爬。据说它烧的不是火，是还没走完的路。,特殊：奇物宝材——既有龙鳞 / 龙血这类高端装备主材，也有香药 / 古物一类与打造无关的珍品。
王者遗冠,特殊,史诗,9金,失落王国的断冠残片，缺口处仍泛着威仪的暗金色。戴过它的人据说都会挺直腰背——哪怕只是片刻。,特殊：奇物宝材——既有龙鳞 / 龙血这类高端装备主材，也有香药 / 古物一类与打造无关的珍品。
远古符文,特殊,史诗,7金,刻在薄薄银片上的完整古符，边缘泛着冷光。学者们辨认出其中一半的笔画，然后为另一半打了三年的笔仗。,特殊：奇物宝材——既有龙鳞 / 龙血这类高端装备主材，也有香药 / 古物一类与打造无关的珍品。
时间沙,特殊,传说,30金,从时之沙漏腹中筛下的银灰色细沙，攥在手心里能感到时间流速的错乱——忽快，忽慢。,特殊：奇物宝材——既有龙鳞 / 龙血这类高端装备主材，也有香药 / 古物一类与打造无关的珍品。
世界树皮,特殊 / 织物 / 草药,传说,45金,从世界树外层剥落的韧皮纤维，泛着青金光泽，浸水不腐。传说用它裹住伤口，伤口会自己想起痊愈的样子。内层剥下的青纹树膜被药师奉为圣物——文火煎汁入药，据说能吊住濒死之人的一口气。,特殊：奇物宝材——既有龙鳞 / 龙血这类高端装备主材，也有香药 / 古物一类与打造无关的珍品。
魔力结晶,特殊,传说,33金,在白龙的魔法吐息中凝结的符文颗粒，握在手里嗡嗡作响。学者们愿为一颗倾家荡产。,特殊：奇物宝材——既有龙鳞 / 龙血这类高端装备主材，也有香药 / 古物一类与打造无关的珍品。
灵魂币,特殊,传说,42金,地狱的通货：一枚硬币，一次灵魂的交换。铸面上的脸会随着持有者而变化。别在灯下细看它。,特殊：奇物宝材——既有龙鳞 / 龙血这类高端装备主材，也有香药 / 古物一类与打造无关的珍品。
星界尘,特殊,传说,40金,星界缝隙间飘出的泛蓝粉尘，装在玻璃瓶里像一小簇沉睡的极光。据说睡在洒有星界尘的枕边，梦里能去往遥远的世界。,特殊：奇物宝材——既有龙鳞 / 龙血这类高端装备主材，也有香药 / 古物一类与打造无关的珍品。
时之沙漏,特殊,传说,48金,一尊巴掌大的黑曜石沙漏，晶莹的沙粒落入下腹便消失无形。凝视它时，连呼吸都慢了下来。,特殊：奇物宝材——既有龙鳞 / 龙血这类高端装备主材，也有香药 / 古物一类与打造无关的珍品。