称号,类别,效果,来源
博物学家·银,图鉴收集,纯荣誉称号（收集加成：每 1 个 +1% 报酬，上限 +10%）,材料收集 ≥50%
博物学家·金,图鉴收集,纯荣誉称号（收集加成：每 1 个 +1% 报酬，上限 +10%）,材料收集 ≥80%
军械大师·银,图鉴收集,纯荣誉称号（收集加成：每 1 个 +1% 报酬，上限 +10%）,装备收集 ≥50%
军械大师·金,图鉴收集,纯荣誉称号（收集加成：每 1 个 +1% 报酬，上限 +10%）,装备收集 ≥80%
常青,隐藏成就,纯荣誉称号（收集加成：每 1 个 +1% 报酬，上限 +10%）,成就「周全绿」
归夜者,隐藏成就,纯荣誉称号（收集加成：每 1 个 +1% 报酬，上限 +10%）,成就「夜猫子的救赎」
恒行者,隐藏成就,纯荣誉称号（收集加成：每 1 个 +1% 报酬，上限 +10%）,成就「滴水穿石」
万卷,隐藏成就,纯荣誉称号（收集加成：每 1 个 +1% 报酬，上限 +10%）,成就「书中自有」
传奇旅人,隐藏成就,纯荣誉称号（收集加成：每 1 个 +1% 报酬，上限 +10%）,成就「传奇之旅」
满仓,隐藏成就,纯荣誉称号（收集加成：每 1 个 +1% 报酬，上限 +10%）,成就「囤积家」
破茧,称号,纯荣誉称号（收集加成：每 1 个 +1% 报酬，上限 +10%）,隐藏成就「蜕变之始」纪念——纯荣誉称号。
形影,称号,纯荣誉称号（收集加成：每 1 个 +1% 报酬，上限 +10%）,隐藏成就「形影不离」纪念——纯荣誉称号。
林客,称号,纯荣誉称号（收集加成：每 1 个 +1% 报酬，上限 +10%）,隐藏成就「林间常客」纪念——纯荣誉称号。
博物学家,图鉴集齐,纯荣誉称号（收集加成：每 1 个 +1% 报酬，上限 +10%）,材料图鉴集齐
军械大师,图鉴集齐,纯荣誉称号（收集加成：每 1 个 +1% 报酬，上限 +10%）,装备图鉴集齐
宫廷主厨,图鉴集齐,纯荣誉称号（收集加成：每 1 个 +1% 报酬，上限 +10%）,料理图鉴集齐
传说冒险者,图鉴集齐,纯荣誉称号（收集加成：每 1 个 +1% 报酬，上限 +10%）,委托图鉴全数完成
安眠守护者,当月称号,健康加成 +2pp（当月）,月打卡·早睡黄金（30 天内有效）
公会中坚,当月称号,委托报酬 +5%（当月）,月打卡·委托黄金（30 天内有效）
作息守护者,当月称号,委托报酬 +5%（当月）,连续 30 天规律作息（30 天内有效）
启程者,月度世界事件,纯荣誉称号（收集加成：每 1 个 +1% 报酬，上限 +10%）,完成月度世界事件「岁首的钟声」（新年伊始，先把节奏定下来——规律打卡 15 天。，报酬 24金）
夜行人,月度世界事件,纯荣誉称号（收集加成：每 1 个 +1% 报酬，上限 +10%）,完成月度世界事件「寒夜灯火」（寒夜里公会的灯还亮着——完成 32 次委托。，报酬 30金）
春野行者,月度世界事件,纯荣誉称号（收集加成：每 1 个 +1% 报酬，上限 +10%）,完成月度世界事件「春耕祭」（大地回暖，出门走走——探索 28 次。，报酬 32金）
花信子,月度世界事件,纯荣誉称号（收集加成：每 1 个 +1% 报酬，上限 +10%）,完成月度世界事件「花雨巡礼」（花雨纷飞，正是接单的好时节——完成 36 次委托。，报酬 34金）
听潮人,月度世界事件,纯荣誉称号（收集加成：每 1 个 +1% 报酬，上限 +10%）,完成月度世界事件「海风信使」（海风捎来远方的消息——探索 30 次。，报酬 36金）
守夏人,月度世界事件,纯荣誉称号（收集加成：每 1 个 +1% 报酬，上限 +10%）,完成月度世界事件「长日守望」（一年中最长的白天——规律打卡 18 天。，报酬 38金）
烈日旅团,月度世界事件,纯荣誉称号（收集加成：每 1 个 +1% 报酬，上限 +10%）,完成月度世界事件「盛夏远征」（盛夏炎炎，是远征的季节——完成 42 次委托。，报酬 40金）
星祭使,月度世界事件,纯荣誉称号（收集加成：每 1 个 +1% 报酬，上限 +10%）,完成月度世界事件「星祭之夜」（流星雨之夜，公会举办星祭——探索 32 次。，报酬 42金）
拾穗者,月度世界事件,纯荣誉称号（收集加成：每 1 个 +1% 报酬，上限 +10%）,完成月度世界事件「丰收序曲」（田野金黄，商队络绎——完成 50 次委托。，报酬 44金）
雾中客,月度世界事件,纯荣誉称号（收集加成：每 1 个 +1% 报酬，上限 +10%）,完成月度世界事件「雾月探寻」（秋雾弥漫，正适合探访旧地——探索 30 次。，报酬 46金）
暖炉守护,月度世界事件,纯荣誉称号（收集加成：每 1 个 +1% 报酬，上限 +10%）,完成月度世界事件「炉火围谈」（围炉夜话之前，先把作息稳住——规律打卡 20 天。，报酬 50金）
岁末结业生,月度世界事件,纯荣誉称号（收集加成：每 1 个 +1% 报酬，上限 +10%）,完成月度世界事件「岁末的答卷」（一年将尽，用行动写下答卷——完成 60 次委托。，报酬 58金）
屠龙者,传奇事件,纯荣誉称号（收集加成：每 1 个 +1% 报酬，上限 +10%）,完成传奇事件「屠龙传说」
魔神封印者,传奇事件,纯荣誉称号（收集加成：每 1 个 +1% 报酬，上限 +10%）,完成传奇事件「魔神封印」
龙神契约者,传奇事件,纯荣誉称号（收集加成：每 1 个 +1% 报酬，上限 +10%）,完成传奇事件「龙神契约」
虚空征服者,传奇事件,纯荣誉称号（收集加成：每 1 个 +1% 报酬，上限 +10%）,完成传奇事件「虚空王座」
创世者,传奇事件,纯荣誉称号（收集加成：每 1 个 +1% 报酬，上限 +10%）,完成传奇事件「创世碎片」
万龙之主,传奇事件,纯荣誉称号（收集加成：每 1 个 +1% 报酬，上限 +10%）,完成传奇事件「万龙之宴」
亡者君王,传奇事件,纯荣誉称号（收集加成：每 1 个 +1% 报酬，上限 +10%）,完成传奇事件「亡者君王」
硫磺领主,传奇事件,纯荣誉称号（收集加成：每 1 个 +1% 报酬，上限 +10%）,完成传奇事件「硫磺王座」
泰坦后裔,传奇事件,纯荣誉称号（收集加成：每 1 个 +1% 报酬，上限 +10%）,完成传奇事件「泰坦苏醒」
世界行者,公会里程碑,纯荣誉称号（收集加成：每 1 个 +1% 报酬，上限 +10%）,公会等级 W（9000 声望）
英雄,公会里程碑,纯荣誉称号（收集加成：每 1 个 +1% 报酬，上限 +10%）,公会等级 H（13000 声望）
至尊,公会里程碑,纯荣誉称号（收集加成：每 1 个 +1% 报酬，上限 +10%）,公会等级 P（18000 声望）