节日,类型,日期规则,2026 年日期,问候语,专属效果（v1.41f）,备注（基础机制：接取窗口 +1 小时 / 三餐 ±30 分钟 / 入睡·起床打卡尾部 +1 小时）
🎊 元旦,公历单日,每年 01-01,2026-01-01,节日快乐,健康打卡每项额外 +1 活力点,新的一年，冒险者！愿你的健康与冒险并进。
🥣 腊八节,农历单日,农历腊月初八,2026-01-26,节日快乐,腊八粥：酒馆料理效果翻倍,一碗腊八粥，暖到心里——年味开始了。
🧹 小年,农历单日,农历腊月廿三,2026-02-10,节日快乐,辞旧迎新：每日接取上限 +1,掸尘扫房，辞旧迎新——小年到，过年不远了。
💝 情人节,公历单日,每年 02-14,2026-02-14,节日快乐,宠物加成翻倍,把好好照顾自己，当作今天的第一份心意。
🎆 除夕,农历单日,农历腊月最后一天,2026-02-16,阖家团圆,压岁钱：上线活力点 +20；守岁：今夜免除熬夜惩罚,爆竹声里辞旧岁——今晚守岁可以，别熬太狠。
🧧 春节,农历单日,农历正月初一 ~ 初六,2026-02-17 ~ 2026-02-22（6 天）,新年大吉,红包：委托报酬 +30%、成功率 +10%、上线活力点 +30,新春快乐！新的一年，好好吃饭、好好睡觉，冒险才有劲。
🏮 元宵节,农历单日,农历正月十五,2026-03-03,节日快乐,赏灯出游：今日探索点 +50%,汤圆甜又圆——赏灯可以，23:30 前记得回家睡。
🌿 清明节,农历单日,清明节气（公历 4-04 / 4-05 前后）,2026-04-05,清明安康,踏青：采集 / 探索类委托成功率 +10%,清明时节——踏青之余，也照顾好自己。
⚒️ 劳动节,公历单日,每年 05-01,2026-05-01,节日快乐,委托经验 +50%,为自己的坚持也放个假——休息是冒险的一部分。
🎈 儿童节,公历单日,每年 06-01,2026-06-01,节日快乐,委托耗时 −30%,像孩子一样轻快地跑起来吧。
🐉 端午节,农历单日,农历五月初五,2026-06-19,端午安康,粽香满堂：酒馆料理效果 +50%,粽叶飘香——粽子好吃，肠胃和作息更要紧。
💫 七夕节,农历单日,农历七月初七,2026-08-19,节日快乐,乞巧：材料获取数量 +50%,今夜星河灿烂——有人相伴很好，独善其身也很好。
🌕 中秋节,农历单日,农历八月十五,2026-09-25,节日快乐,月华：传奇事件成功率 +10%,月圆人团圆——掰块月饼，今晚早点睡。
🎉 国庆,公历区间,每年 10-01 ~ 10-07（整段每天生效）,2026-10-01 ~ 2026-10-07,节日快乐,委托报酬 +20%、成功率 +10%,举国欢庆的日子，也别忘了好好吃饭、早点睡。
🍁 重阳节,农历单日,农历九月初九,2026-10-18,重阳安康,登高：今日探索点翻倍,登高望远，敬老思亲——秋深处，添衣保暖。
🎃 万圣夜,公历单日,每年 10-31,2026-10-31,节日快乐,材料掉落概率翻倍,糖果可以拿，早睡不能丢。
🎄 冬幕节,公历单日,每年 12-25,2026-12-25,节日快乐,精力上限 +20%,风雪夜，一杯热汤，一份好眠。