装备名,品质,槽位,主属性,副属性,主材料,来源
铜剑,普通,武器,成功率 +1%,—,铜矿石×3,打造 · 图纸：普通档（公会 E 级）
猎弓,普通,武器,成功率 +1%,—,松木×3,打造 · 图纸：普通档（公会 E 级）
石锤,普通,武器,成功率 +1%,—,青石×3,打造 · 图纸：普通档（公会 E 级）
皮甲,普通,护甲,精力上限 +5,—,野兔皮×3,打造 · 图纸：普通档（公会 E 级）
草甲,普通,护甲,精力上限 +5,—,粗麻布×3,打造 · 图纸：普通档（公会 E 级）
羽衣,普通,护甲,精力上限 +5,—,山鸡羽×3,打造 · 图纸：普通档（公会 E 级）
铜戒指,普通,饰品,委托报酬 +2%,—,铜矿石×2,打造 · 图纸：普通档（公会 E 级）
草药袋,普通,饰品,委托报酬 +2%,—,止血草×2,打造 · 图纸：普通档（公会 E 级）
石英坠,普通,饰品,委托报酬 +2%,—,石英×2,打造 · 图纸：普通档（公会 E 级）
硬木弓,精良,武器,成功率 +2%,狩猎类成功率+1%,松脂×4,打造 · 图纸：精良档（公会 E 级）
鹿骨枪,精良,武器,成功率 +2%,精英类成功率+1%,鹿骨×4,打造 · 图纸：精良档（公会 E 级）
铁匕首,精良,武器,成功率 +2%,短时类成功率+1%,铁矿石×4,打造 · 图纸：精良档（公会 E 级）
锁子甲,精良,护甲,精力上限 +10,精英类精力消耗-3%,铁矿石×4,打造 · 图纸：精良档（公会 E 级）
铁护腕,精良,护甲,精力上限 +10,采集类精力消耗-3%,野猪獠牙×4,打造 · 图纸：精良档（公会 E 级）
藤甲,精良,护甲,精力上限 +10,探索类精力消耗-3%,风蚕丝×4,打造 · 图纸：精良档（公会 E 级）
安神吊坠,精良,饰品,委托报酬 +5%,护送类委托报酬+3%,静心香×3,打造 · 图纸：精良档（公会 E 级）
银戒指,精良,饰品,委托报酬 +5%,探索类精力消耗-3%,提神石×3,打造 · 图纸：精良档（公会 E 级）
紫晶护符,精良,饰品,委托报酬 +5%,委托经验+5%,紫水晶×3,打造 · 图纸：精良档（公会 E 级）
星尘剑,稀有,武器,成功率 +3%,精英类成功率+2%,星尘×5,打造 · 图纸：稀有档（公会 C 级）
狼牙斧,稀有,武器,成功率 +3%,狩猎类成功率+2%,狼牙×5,打造 · 图纸：稀有档（公会 C 级）
月影匕首,稀有,武器,成功率 +3%,探索类成功率+2%,月光草×5,打造 · 图纸：稀有档（公会 C 级）
净化铠甲,稀有,护甲,精力上限 +15,噩梦难度成功率+2%,净化石×5,打造 · 图纸：稀有档（公会 C 级）
月光披风,稀有,护甲,精力上限 +15,护送类精力消耗-5%,月影纱×5,打造 · 图纸：稀有档（公会 C 级）
古木铠,稀有,护甲,精力上限 +15,精英类精力消耗-5%,远古石板×5,打造 · 图纸：稀有档（公会 C 级）
图腾护符,稀有,饰品,委托报酬 +8%,稀有事件概率+1%,哥布林图腾×4,打造 · 图纸：稀有档（公会 C 级）
石板吊坠,稀有,饰品,委托报酬 +8%,委托经验+10%,远古石板×4,打造 · 图纸：稀有档（公会 C 级）
星辉戒指,稀有,饰品,委托报酬 +8%,公会贡献+15%,星辉石×4,打造 · 图纸：稀有档（公会 C 级）
陨铁剑,史诗,武器,成功率 +4%,精英类成功率+3%,陨铁×6,打造 · 图纸：史诗档（公会 A 级）
寒霜长枪,史诗,武器,成功率 +4%,噩梦难度成功率+3%,星尘结晶×6,打造 · 图纸：史诗档（公会 A 级）
暗影短刃,史诗,武器,成功率 +4%,探索类成功率+3%,暗影草×6,打造 · 图纸：史诗档（公会 A 级）
龙骨战锤,史诗,武器,成功率 +4%,狩猎类成功率+3%,龙骨×6,打造 · 图纸：史诗档（公会 A 级）
龙牙匕首,史诗,武器,成功率 +4%,短时类成功率+3%,龙牙×6,打造 · 图纸：史诗档（公会 A 级）
巨人骨甲,史诗,护甲,精力上限 +25,噩梦难度成功率+3%,巨人骨×6,打造 · 图纸：史诗档（公会 A 级）
暗影战甲,史诗,护甲,精力上限 +25,探索类精力消耗-10%,星辉绸×6,打造 · 图纸：史诗档（公会 A 级）
龙鳞胸甲,史诗,护甲,精力上限 +25,狩猎类精力消耗-10%,龙鳞×6,打造 · 图纸：史诗档（公会 A 级）
星辉战甲,史诗,护甲,精力上限 +25,★同时进行上限+1,星尘结晶×6,打造 · 图纸：史诗档（公会 A 级）
龙鳞护符,史诗,饰品,委托报酬 +12%,材料获取+10%,龙鳞×5,打造 · 图纸：史诗档（公会 A 级）
星核坠饰,史诗,饰品,委托报酬 +12%,传奇事件成功率+3%,星尘结晶×5,打造 · 图纸：史诗档（公会 A 级）
陨星武器,传说,武器,成功率 +5%,精英类成功率+4%,星核×7,打造 · 图纸：传说档（公会 S 级）
龙牙巨剑,传说,武器,成功率 +5%,噩梦难度成功率+5%,龙心×7,打造 · 图纸：传说档（公会 S 级）
世界树之枝,传说,武器,成功率 +5%,全委托成功率+2%,世界树汁液×7,打造 · 图纸：传说档（公会 S 级）
龙鳞重铠,传说,护甲,精力上限 +35,精英类精力消耗-15%,龙鳞×7,打造 · 图纸：传说档（公会 S 级）
世界树皮甲,传说,护甲,精力上限 +35,材料获取+12%,世界树皮×7,打造 · 图纸：传说档（公会 S 级）
星核战甲,传说,护甲,精力上限 +35,全委托精力消耗-15%,星核×7,打造 · 图纸：传说档（公会 S 级）
龙瞳坠饰,传说,饰品,委托报酬 +15%,全委托成功率+2%,巨龙竖瞳×6,打造 · 图纸：传说档（公会 S 级）
圣兽羽饰,传说,饰品,委托报酬 +18%,—,圣兽之蜕×6,打造 · 图纸：传说档（公会 S 级）
世界树护符,传说,饰品,委托报酬 +15%,采集类委托报酬+12%,—,特殊获得
时间沙漏,传说,饰品,委托报酬 +15%,★每日接取上限+1,—,特殊获得
大师之证,传说,饰品,委托报酬 +18%,全委托成功率+3%,—,大师商店购入（成就「大师」解锁）
宗师手套,传说,武器,成功率 +5%,材料获取+20%；全委托精力消耗-10%,—,大师商店购入（成就「大师」解锁）
终焉披风,传说,护甲,精力上限 +150,全委托精力消耗-10%；精英类成功率+4%,—,大师商店购入（成就「大师」解锁）
冥河渡灯,传说,饰品,委托报酬 +15%,稀有事件概率+3%,—,特殊获得
硫磺王冠,传说,饰品,委托报酬 +15%,委托经验+25%,—,特殊获得
泰坦之心,传说,护甲,精力上限 +35,噩梦难度成功率+4%,—,特殊获得
晨曦之冠,成就,成就饰品槽,委托报酬 +12%,睡前佩戴入睡 → 早起豁免+1/周；晨间时段委托报酬+10%,—,成就奖励（成就「晨曦之约」）
百炼徽记,成就,成就饰品槽,委托报酬 +8%,委托经验+15%,—,成就奖励（成就「百炼成钢」）
龙血指环,成就,成就饰品槽,委托报酬 +15%,精英类委托成功率+5%,—,成就奖励（成就「屠龙者」）
深渊之瞳,成就,成就饰品槽,委托报酬 +15%,稀有事件概率+3%,—,成就奖励（成就「深渊归来」）
创世之印,成就,成就饰品槽,委托报酬 +20%,全委托成功率+5%（不计 E 上限）,—,成就奖励（成就「创世者」）
安眠坠,成就,成就饰品槽,委托报酬 +10%,熬夜惩罚-10%,—,成就奖励（成就「夜之安眠」）
晨行者徽章,成就,成就饰品槽,委托报酬 +10%,晨间时段委托报酬+12%,—,成就奖励（成就「晨间行者」）
健行者护腕,成就,成就饰品槽,委托报酬 +8%,全委托精力消耗-8%,—,成就奖励（成就「身强体健」）
藏书家之冕,成就,成就饰品槽,委托报酬 +10%,委托经验+10%,—,成就奖励（成就「博览群书」）
百战护符,成就,成就饰品槽,委托报酬 +12%,稀有事件概率+2%,—,成就奖励（成就「百战之躯」）
大师徽章,成就,成就饰品槽,委托报酬 +15%,活力点获取+10%,—,成就奖励（成就「大师」）
枭羽猎弓,精良,武器,成功率 +2%,狩猎类委托报酬+3%,枭羽×4,打造 · 图纸：精良档（公会 E 级）
秘银戒指,精良,饰品,委托报酬 +5%,材料获取+5%,秘银矿×4,打造 · 图纸：精良档（公会 E 级）
符文长剑,稀有,武器,成功率 +3%,护送类成功率+2%,符文石×5,打造 · 图纸：稀有档（公会 C 级）
蛇怪皮甲,稀有,护甲,精力上限 +15,狩猎类精力消耗-5%,蛇怪之眼×4,打造 · 图纸：稀有档（公会 C 级）
守誓者护符,稀有,饰品,委托报酬 +8%,护送类委托报酬+8%,符文石×4,打造 · 图纸：稀有档（公会 C 级）
虚空结晶坠,史诗,饰品,委托报酬 +12%,稀有事件概率+2%,虚空结晶×4,打造 · 图纸：史诗档（公会 A 级）
星界护铠,传说,护甲,精力上限 +35,全委托成功率+1%,星界尘×5,打造 · 图纸：传说档（公会 S 级）
云杉木法杖,精良,武器,成功率 +2%,精英类成功率+1%,云杉木×4,打造 · 图纸：精良档（公会 E 级）
白桦木长矛,精良,武器,成功率 +2%,探索类成功率+1%,白桦木×4,打造 · 图纸：精良档（公会 E 级）
棉纹软甲,精良,护甲,精力上限 +10,护送类精力消耗-3%,棉线×4,打造 · 图纸：精良档（公会 E 级）
黄玉吊坠,精良,饰品,委托报酬 +5%,晨间时段委托报酬+3%,黄玉×3,打造 · 图纸：精良档（公会 E 级）
黑檀木骨杖,稀有,武器,成功率 +3%,精英类成功率+2%,黑檀木×5,打造 · 图纸：稀有档（公会 C 级）
黑曜石重锤,稀有,武器,成功率 +3%,短时类成功率+2%,黑曜石×5,打造 · 图纸：稀有档（公会 C 级）
大理石壁垒,稀有,护甲,精力上限 +15,噩梦难度成功率+2%,大理石×5,打造 · 图纸：稀有档（公会 C 级）
紫藤花冠,稀有,饰品,委托报酬 +8%,采集类委托报酬+8%,紫藤花×4,打造 · 图纸：稀有档（公会 C 级）
秘银合金巨剑,史诗,武器,成功率 +4%,精英类成功率+3%,秘银合金×6,打造 · 图纸：史诗档（公会 A 级）
凤凰木长弓,史诗,武器,成功率 +4%,狩猎类成功率+3%,凤凰木×6,打造 · 图纸：史诗档（公会 A 级）
魔狼鬃甲,史诗,护甲,精力上限 +25,采集类精力消耗-10%,魔狼鬃毛×6,打造 · 图纸：史诗档（公会 A 级）
月长石护符,史诗,饰品,委托报酬 +12%,委托经验+15%,月长石×5,打造 · 图纸：史诗档（公会 A 级）
星陨岩战锤,传说,武器,成功率 +5%,噩梦难度成功率+5%,星陨岩×7,打造 · 图纸：传说档（公会 S 级）
云纹锦衣,传说,护甲,精力上限 +35,全委托精力消耗-10%,云纹锦×7,打造 · 图纸：传说档（公会 S 级）
星辉花冠,传说,饰品,委托报酬 +15%,全委托精力消耗-10%,星辉花×6,打造 · 图纸：传说档（公会 S 级）
时砂指环,传说,饰品,委托报酬 +15%,公会贡献+25%,时之沙漏×6,打造 · 图纸：传说档（公会 S 级）
金龙鳞铠,传说,护甲,精力上限 +35,护送类委托报酬+15%,金龙鳞×7,打造 · 图纸：传说档（公会 S 级）
魔力结晶杖,传说,武器,成功率 +5%,委托经验+25%,魔力结晶×7,打造 · 图纸：传说档（公会 S 级）
雷霆龙牙枪,传说,武器,成功率 +5%,短时类成功率+4%,雷霆龙牙×7,打造 · 图纸：传说档（公会 S 级）
暗影龙鳞袍,传说,护甲,精力上限 +35,探索类精力消耗-12%,暗影龙鳞×7,打造 · 图纸：传说档（公会 S 级）
龙瞳宝珠,传说,饰品,委托报酬 +15%,传奇事件成功率+5%,龙瞳结晶×6,打造 · 图纸：传说档（公会 S 级）
龙角战弓,传说,武器,成功率 +5%,狩猎类成功率+5%,龙角×7,打造 · 图纸：传说档（公会 S 级）
剧毒龙牙匕,史诗,武器,成功率 +4%,探索类成功率+3%,剧毒龙牙×6,打造 · 图纸：史诗档（公会 A 级）
绿龙护心镜,史诗,饰品,委托报酬 +12%,采集类委托报酬+10%,绿龙胆囊×5,打造 · 图纸：史诗档（公会 A 级）
九头蛇鳞铠,史诗,护甲,精力上限 +25,精英类精力消耗-10%,九头蛇鳞片×6,打造 · 图纸：史诗档（公会 A 级）
再生蛇髓护符,史诗,饰品,委托报酬 +12%,健康加成上限+10%,再生蛇髓×5,打造 · 图纸：史诗档（公会 A 级）
九头蛇之心,传说,饰品,委托报酬 +15%,精英类委托报酬+15%,九头蛇心脏×6,打造 · 图纸：传说档（公会 S 级）
九头蛇胆囊杖,史诗,武器,成功率 +4%,采集类成功率+3%,九头蛇胆囊×6,打造 · 图纸：史诗档（公会 A 级）
剧毒蛇齿链,史诗,饰品,委托报酬 +12%,噩梦难度成功率+3%,剧毒蛇齿×5,打造 · 图纸：史诗档（公会 A 级）
恶魔角盔,史诗,护甲,精力上限 +25,全委托精力消耗-5%,恶魔之角×6,打造 · 图纸：史诗档（公会 A 级）
混沌之刃,史诗,武器,成功率 +4%,噩梦难度成功率+3%；短时类成功率+3%,混沌碎片×6,打造 · 图纸：史诗档（公会 A 级）
硫磺结晶甲,史诗,护甲,精力上限 +25,短时类精力消耗-10%,硫磺结晶×6,打造 · 图纸：史诗档（公会 A 级）
魔鬼纹章,史诗,饰品,委托报酬 +12%,公会贡献+20%；委托经验+12%,魔鬼徽记×5,打造 · 图纸：史诗档（公会 A 级）
冥河护符,传说,饰品,委托报酬 +15%,狩猎类委托报酬+15%,灵魂币×6,打造 · 图纸：传说档（公会 S 级）
幽魂灯杖,史诗,武器,成功率 +4%,稀有事件概率+2%,幽魂灯×6,打造 · 图纸：史诗档（公会 A 级）
仙灵披风,史诗,护甲,精力上限 +25,护送类精力消耗-10%,仙灵之尘×6,打造 · 图纸：史诗档（公会 A 级）
王者之冠,史诗,饰品,委托报酬 +12%,公会贡献+20%,王者遗冠×5,打造 · 图纸：史诗档（公会 A 级）
符文岩巨锤,史诗,武器,成功率 +4%,护送类成功率+3%,符文岩×6,打造 · 图纸：史诗档（公会 A 级）
远古符文法杖,史诗,武器,成功率 +4%,委托经验+12%；精英类成功率+3%,远古符文×6,打造 · 图纸：史诗档（公会 A 级）
流沙战袍,传说,护甲,精力上限 +35,探索类成功率+4%,时间沙×7,打造 · 图纸：传说档（公会 S 级）
世界树长弓,传说,武器,成功率 +5%,采集类成功率+4%,世界树枝条×7,打造 · 图纸：传说档（公会 S 级）
鹿皮斗篷,精良,护甲,精力上限 +10,护送类成功率+1%,鹿皮×4,打造 · 图纸：精良档（公会 E 级）
天鹅绒礼服,精良,护甲,精力上限 +10,晨间时段委托报酬+3%,天鹅绒×4,打造 · 图纸：精良档（公会 E 级）
白银短剑,精良,武器,成功率 +2%,精英类委托报酬+2%,白银矿×4,打造 · 图纸：精良档（公会 E 级）
铁木长弓,稀有,武器,成功率 +3%,狩猎类委托报酬+6%,铁木×5,打造 · 图纸：稀有档（公会 C 级）
蛛丝软甲,稀有,护甲,精力上限 +15,探索类精力消耗-5%,蛛丝×5,打造 · 图纸：稀有档（公会 C 级）
黑铁重剑,稀有,武器,成功率 +3%,噩梦难度成功率+2%,黑铁矿×5,打造 · 图纸：稀有档（公会 C 级）
血玛瑙坠,稀有,饰品,委托报酬 +8%,传奇事件成功率+2%,血玛瑙×4,打造 · 图纸：稀有档（公会 C 级）
狮鹫羽弓,稀有,武器,成功率 +3%,材料获取+8%,狮鹫羽×5,打造 · 图纸：稀有档（公会 C 级）
引魂长明灯,史诗,饰品,委托报酬 +12%,传奇事件成功率+3%,冥河灯油×5,打造 · 图纸：史诗档（公会 A 级）
狱火护腕,史诗,护甲,精力上限 +25,精英类精力消耗-8%,地狱火种×6,打造 · 图纸：史诗档（公会 A 级）
泰坦石核锤,史诗,武器,成功率 +4%,狩猎类委托报酬+10%,泰坦石核×6,打造 · 图纸：史诗档（公会 A 级）
遗珠坠,史诗,饰品,委托报酬 +12%,探索类精力消耗-8%,深海遗珠×5,打造 · 图纸：史诗档（公会 A 级）
世界树心护符,传说,饰品,委托报酬 +15%,健康加成上限+12%,世界树心×6,打造 · 图纸：传说档（公会 S 级）
龙炎护手,传说,护甲,精力上限 +35,短时类精力消耗-12%,龙炎结晶×7,打造 · 图纸：传说档（公会 S 级）
观星者指环,稀有,饰品,委托报酬 +8%,稀有事件概率+1%,星界罗盘×4,打造 · 图纸：稀有档（公会 C 级）
花岗岩重锤,普通,武器,成功率 +1%,—,花岗岩×3,打造 · 图纸：普通档（公会 E 级）
铅矿护符,普通,饰品,委托报酬 +2%,—,铅矿石×2,打造 · 图纸：普通档（公会 E 级）
古币坠饰,稀有,饰品,委托报酬 +8%,稀有事件概率+1%,古董钱币×4,打造 · 图纸：稀有档（公会 C 级）