道具,效果说明,获取途径
清醒符咒,当日「7:40 前起床」判定直接视为达成（+15 分，计入统计与连击）,探索 / 事件掉落
安眠护符,当日「23:30 前入睡」判定直接视为达成（+20 分，计入统计与连击）,探索 / 事件掉落
活力药水,当日健康评分直接锁定为 100 分,活力点商店（300 点）
疾风符咒,✨ 直接完成当前接取的一个委托（立即结算，跳过剩余等待时间）,活力点商店（500 点） / 贡献商店（400 贡献）
命运骰子,✨ 重新刷新当前委托栏（当前刷新点未接取时可用）,探索 / 事件掉落
时之怀表,✨ 重置当前委托栏的接取窗口（按本批窗口时长重新计时）,探索 / 事件掉落
幸运币,✨ 下一次委托成功率 +5%,探索 / 事件掉落
专注药剂,✨ 下一次委托成功率 +3%,公会商店（6金）
谈判卷轴,✨ 下一次委托报酬 +15%,公会商店（1.2金）
旅行干粮,立即恢复 30 精力,公会商店（3金）
神秘地图,立即获得 2 探索点,公会商店（15金）
解毒剂,任务准备物：缓和毒雾与毒牙的常备药剂——「讨伐九头蛇」「驱赶绿龙」等毒系委托要求持有（接取消耗 1~3 个，随委托等级递增）,公会商店（3金） / 炼金台合成
安魂熏香,任务准备物：余烬的香烟可安抚亡者——「净化亡灵谷」「魂灯引渡」等亡灵委托要求持有（接取消耗 1~3 个，随委托等级递增）,公会商店（3金） / 炼金台合成
水息药剂,任务准备物：服下后可在水下呼吸——「海怪追踪」「探索沉船」等深水委托要求持有（接取消耗 1~3 个，随委托等级递增）,公会商店（2.4金） / 炼金台合成
圣水,任务准备物：对恶魔与深渊造物灼如日光——「猎杀深渊恶魔」「潜入深渊神殿」等委托要求持有（接取消耗 1~3 个，随委托等级递增）,公会商店（4.8金） / 炼金台合成